Date,Open*,Single_day_Increase(%),Sixty_Days_Increase(%)
2013-4-28,135.3,0,0
2013-4-29,134.44,-0.6356,0
2013-4-30,144,7.111,0
2013-5-1,139,-3.4722,0
2013-5-2,116.38,-16.2734,0
2013-5-3,106.25,-8.7042,0
2013-5-4,98.1,-7.6706,0
2013-5-5,112.9,15.0866,0
2013-5-6,115.98,2.7281,0
2013-5-7,112.25,-3.2161,0
2013-5-8,109.6,-2.3608,0
2013-5-9,113.2,3.2847,0
2013-5-10,112.8,-0.3534,0
2013-5-11,117.7,4.344,0
2013-5-12,115.64,-1.7502,0
2013-5-13,114.82,-0.7091,0
2013-5-14,117.98,2.7521,0
2013-5-15,111.4,-5.5772,0
2013-5-16,114.22,2.5314,0
2013-5-17,118.21,3.4933,0
2013-5-18,123.5,4.4751,0
2013-5-19,123.21,-0.2348,0
2013-5-20,122.5,-0.5763,0
2013-5-21,122.02,-0.3918,0
2013-5-22,122.89,0.713,0
2013-5-23,123.8,0.7405,0
2013-5-24,126.3,2.0194,0
2013-5-25,133.1,5.384,0
2013-5-26,131.99,-0.834,0
2013-5-27,133.5,1.144,0
2013-5-28,129.77,-2.794,0
2013-5-29,129,-0.5934,0
2013-5-30,132.25,2.5194,0
2013-5-31,128.8,-2.6087,0
2013-6-1,128.82,0.0155,0
2013-6-2,129.3,0.3726,0
2013-6-3,122.5,-5.2591,0
2013-6-4,120.74,-1.4367,0
2013-6-5,121.4,0.5466,0
2013-6-6,121.9,0.4119,0
2013-6-7,118.97,-2.4036,0
2013-6-8,111,-6.6992,0
2013-6-9,107.89,-2.8018,0
2013-6-10,100.44,-6.9052,0
2013-6-11,106.35,5.8841,0
2013-6-12,109,2.4918,0
2013-6-13,108.78,-0.2018,0
2013-6-14,103.95,-4.4402,0
2013-6-15,100,-3.7999,0
2013-6-16,99.8,-0.2,0
2013-6-17,99.9,0.1002,0
2013-6-18,101.95,2.0521,0
2013-6-19,107.05,5.0025,0
2013-6-20,108.25,1.121,0
2013-6-21,111.29,2.8083,0
2013-6-22,109.5,-1.6084,0
2013-6-23,108.2,-1.1872,0
2013-6-24,107.9,-0.2773,0
2013-6-25,102.09,-5.3846,0
2013-6-26,103.33,1.2146,-21.013
2013-6-27,104,0.6484,-20.3646
2013-6-28,101.74,-2.1731,-21.9021
2013-6-29,94.66,-6.9589,-35.972
2013-6-30,95,0.3592,-32.1406
2013-7-1,97.51,2.6421,-13.2251
2013-7-2,88.05,-9.7016,-14.2225
2013-7-3,90.4,2.6689,-3.883
2013-7-4,78.89,-12.7323,-31.7019
2013-7-5,79.99,1.3943,-33.0357
2013-7-6,68.5,-14.3643,-44.1839
2013-7-7,68.75,0.365,-41.4581
2013-7-8,76.5,11.2727,-33.4701
2013-7-9,76,-0.6536,-33.7703
2013-7-10,76.72,0.9474,-37.1669
2013-7-11,88,14.7028,-20.7139
2013-7-12,88.98,1.1136,-18.8912
2013-7-13,93.99,5.6305,-16.0128
2013-7-14,98.7,5.0112,-5.4244
2013-7-15,93.61,-5.157,-13.1128
2013-7-16,98.89,5.6404,-10.9657
2013-7-17,96.71,-2.2045,-17.6453
2013-7-18,98.5,1.8509,-15.5596
2013-7-19,90.07,-8.5584,-23.5417
2013-7-20,92,2.1428,-21.0071
2013-7-21,89.82,-2.3696,-24.0897
2013-7-22,92,2.4271,-22.4031
2013-7-23,91.6,-0.4348,-24.8573
2013-7-24,95.56,4.3231,-25.9182
2013-7-25,94.5,-1.1093,-26.1935
2013-7-26,96.95,2.5926,-24.7449
2013-7-27,96.02,-0.9593,-22.9102
2013-7-28,94.4,-1.6871,-24.0039
2013-7-29,98.6,4.4492,-22.0741
2013-7-30,101.49,2.931,-16.5344
2013-7-31,107.95,6.3652,-10.1847
2013-8-1,106.21,-1.6119,-12.1692
2013-8-2,104.86,-1.2711,-8.1812
2013-8-3,104.5,-0.3433,-7.0878
2013-8-4,104.95,0.4306,-7.2038
2013-8-5,105.12,0.162,-7.4537
2013-8-6,106.72,1.5221,-3.528
2013-8-7,106.75,0.0281,3.1993
2013-8-8,106.75,0,6.0011
2013-8-9,103.07,-3.4473,9.459
2013-8-10,102.8,-0.262,3.3129
2013-8-11,103,0.1946,1.0157
2013-8-12,105,1.9417,3.1592
2013-8-13,106.99,1.8952,9.4946
2013-8-14,109.56,2.4021,15.6966
2013-8-15,112.56,2.7382,18.6348
2013-8-16,110,-2.2743,16.2603
2013-8-17,108.99,-0.9182,13.29
2013-8-18,112.75,3.4499,11.7374
2013-8-19,113.38,0.5588,11.1752
2013-8-20,119,4.9568,13.3237
2013-8-21,121.21,1.8571,16.7892
2013-8-22,123.3,1.7243,19.7007
2013-8-23,122,-1.0543,18.9237
2013-8-24,118.51,-2.8607,21.4476
2013-8-25,119.6,0.9198,21.1528
2013-8-26,122.11,2.0987,22.6031
2013-8-27,120.07,-1.6706,23.1056
2013-8-28,126.48,5.3386,35.4031
2013-8-29,122.62,-3.0519,31.992
2013-8-30,122.35,-0.2202,29.1297
2013-8-31,133.09,8.7781,47.6094
2013-9-1,135.14,1.5403,46.4808
2013-9-2,138.63,2.5825,61.7956
2013-9-3,135.61,-2.1785,58.2228
2013-9-4,136.53,0.6784,73.2655
2013-9-5,126.76,-7.1559,65.7446
2013-9-6,126.49,-0.213,54.2589
2013-9-7,118.89,-6.0084,48.9041
2013-9-8,124.13,4.4074,52.3641
2013-9-9,121.86,-1.8287,35.8326
2013-9-10,127.27,4.4395,39.1585
2013-9-11,125.89,-1.0843,32.4437
2013-9-12,135.55,7.6734,35.1059
2013-9-13,132.83,-2.0066,38.2563
2013-9-14,135.01,1.6412,34.2571
2013-9-15,129.4,-4.1552,32.3064
2013-9-16,130.86,1.1283,31.5838
2013-9-17,131.59,0.5578,40.7
2013-9-18,131.71,0.0912,38.6484
2013-9-19,131.37,-0.2581,40.7599
2013-9-20,129.7,-1.2712,37.0616
2013-9-21,126.95,-2.1203,35.3761
2013-9-22,127.87,0.7247,31.7777
2013-9-23,128.98,0.8681,33.7551
2013-9-24,126.05,-2.2717,28.8908
2013-9-25,127.38,1.0551,30.9052
2013-9-26,128.21,0.6516,33.2439
2013-9-27,128.94,0.5694,29.3641
2013-9-28,133.77,3.7459,30.179
2013-9-29,134.9,0.8447,24.6585
2013-9-30,137.15,1.6679,27.9383
2013-10-1,132.68,-3.2592,25.9502
2013-10-2,132.05,-0.4748,25.8187
2013-10-3,114.45,-13.3283,12.0598
2013-10-4,123.41,7.8287,19.7265
2013-10-5,128.63,4.2298,22.4342
2013-10-6,128.36,-0.2099,22.1962
2013-10-7,129.43,0.8336,23.0298
2013-10-8,126.74,-2.0783,24.3988
2013-10-9,125.85,-0.7022,23.9586
2013-10-10,130.67,3.83,27.594
2013-10-11,130.75,0.0612,25.7135
2013-10-12,130.9,0.1147,23.933
2013-10-13,135.19,3.2773,24.8082
2013-10-14,139.27,3.018,25.088
2013-10-15,140.77,1.077,28.4393
2013-10-16,145.65,3.4666,32.8241
2013-10-17,142.41,-2.2245,27.1497
2013-10-18,146.37,2.7807,29.3716
2013-10-19,155.91,6.5177,30.9325
2013-10-20,171.66,10.102,39.1774
2013-10-21,174.8,1.8292,39.2823
2013-10-22,182.65,4.4908,44.8274
2013-10-23,193.36,5.8637,53.5518
2013-10-24,214.3,10.8295,63.4615
2013-10-25,197.69,-7.7508,53.612
2013-10-26,187.45,-5.1798,50.1028
2013-10-27,176.6,-5.7882,38.976
2013-10-28,196.21,11.1042,53.1321
2013-10-29,198.55,1.1926,54.5449
2013-10-30,204.39,2.9413,48.7081
2013-10-31,199.83,-2.231,44.9368
2013-11-1,203.9,2.0367,44.391
2013-11-2,205.81,0.9367,47.5062
2013-11-3,205.99,0.0875,46.9153
2013-11-4,214.66,4.2089,58.2801
2013-11-5,229.21,6.7782,65.2713
2013-11-6,244.78,6.7929,78.0726
2013-11-7,261.68,6.9042,80.5694
2013-11-8,297.85,13.8222,96.2203
2013-11-9,338.58,13.6747,105.4555
2013-11-10,348.82,3.0244,109.5642
2013-11-11,325.41,-6.7112,95.1796
2013-11-12,343.06,5.4239,102.6101
2013-11-13,360.97,5.2207,106.1896
2013-11-14,406.41,12.5883,122.9331
2013-11-15,419.41,3.1987,125.0035
2013-11-16,417.28,-0.5079,123.9378
2013-11-17,440.96,5.6748,129.5214
2013-11-18,496.58,12.6134,142.3929
2013-11-19,712.76,43.5338,187.1979
2013-11-20,577.98,-18.9096,170.4086
2013-11-21,594.32,2.8271,172.511
2013-11-22,724.07,21.8317,193.4746
2013-11-23,771.7,6.5781,202.3244
2013-11-24,795.63,3.1009,204.3702
2013-11-25,773.02,-2.8418,200.8768
2013-11-26,805.73,4.2315,204.5389
2013-11-27,923.85,14.66,215.453
2013-11-28,1003.38,8.6085,223.2168
2013-11-29,1042.01,3.85,225.3989
2013-11-30,1129.37,8.3838,237.0419
2013-12-1,1128.92,-0.0398,237.4769
2013-12-2,951.42,-15.723,235.0822
2013-12-3,1046.4,9.983,237.2365
2013-12-4,1077.58,2.9797,235.9864
2013-12-5,1152.73,6.974,243.1703
2013-12-6,1042.38,-9.5729,232.7638
2013-12-7,835.32,-19.8642,214.9779
2013-12-8,697.31,-16.5218,199.1583
2013-12-9,793.8,13.8375,209.1658
2013-12-10,892.32,12.4112,221.5158
2013-12-11,989.07,10.8425,232.2436
2013-12-12,882.78,-10.7465,218.2198
2013-12-13,874.98,-0.8836,214.3182
2013-12-14,899.85,2.8424,216.0836
2013-12-15,875.29,-2.7293,209.8877
2013-12-16,880.33,0.5758,212.688
2013-12-17,706.37,-19.7608,190.1465
2013-12-18,678.2,-3.988,179.6408
2013-12-19,519.06,-23.4651,146.0737
2013-12-20,694.22,33.7456,177.9901
2013-12-21,619.9,-10.7055,162.7938
2013-12-22,601.78,-2.9231,154.007
2013-12-23,613.06,1.8744,145.0519
2013-12-24,672.36,9.6728,162.4755
2013-12-25,666.31,-0.8998,166.7555
2013-12-26,683.94,2.6459,175.1896
2013-12-27,763.28,11.6004,175.6858
2013-12-28,737.98,-3.3146,171.1786
2013-12-29,728.05,-1.3456,166.8917
2013-12-30,741.35,1.8268,170.9495
2013-12-31,760.32,2.5588,171.4716
2014-1-1,754.97,-0.7037,169.8312
2014-1-2,773.44,2.4465,172.1902
2014-1-3,802.85,3.8025,171.7838
2014-1-4,823.27,2.5434,167.549
2014-1-5,858.55,4.2853,165.0414
2014-1-6,936.05,9.0268,167.164
2014-1-7,946.49,1.1153,154.4571
2014-1-8,795.99,-15.9009,124.8815
2014-1-9,841.47,5.7136,127.5707
2014-1-10,846.69,0.6203,134.9022
2014-1-11,867.32,2.4365,131.9148
2014-1-12,919.6,6.0278,132.7219
2014-1-13,860.19,-6.4604,113.6732
2014-1-14,843.17,-1.9786,108.4959
2014-1-15,833.12,-1.1919,107.8119
2014-1-16,860.29,3.2612,105.3983
2014-1-17,834.49,-2.999,89.7859
2014-1-18,816.07,-2.2073,44.0448
2014-1-19,839.66,2.8907,65.8451
2014-1-20,871.39,3.7789,66.7969
2014-1-21,869.65,-0.1997,44.7655
2014-1-22,867.21,-0.2806,37.9068
2014-1-23,845.46,-2.508,32.2979
2014-1-24,822.43,-2.724,32.4157
2014-1-25,796.24,-3.1845,24.9997
2014-1-26,853.68,7.2139,17.5536
2014-1-27,884.6,3.622,12.5671
2014-1-28,774.02,-12.5006,-3.7835
2014-1-29,809.96,4.6433,-7.524
2014-1-30,826.02,1.9828,-5.5014
2014-1-31,818.43,-0.9189,9.3027
2014-2-1,828.61,1.2438,0.5635
2014-2-2,832.9,0.5177,-1.8985
2014-2-3,824.08,-1.059,-9.9315
2014-2-4,823.77,-0.0376,-0.3962
2014-2-5,829.96,0.7514,20.2194
2014-2-6,815.59,-1.7314,35.0098
2014-2-7,783.2,-3.9714,17.2009
2014-2-8,699.57,-10.678,-5.8883
2014-2-9,671.46,-4.0182,-20.749
2014-2-10,681.32,1.4684,-8.5341
2014-2-11,683.5,0.32,-7.3305
2014-2-12,672.38,-1.6269,-11.7998
2014-2-13,651.08,-3.1679,-12.2384
2014-2-14,601.17,-7.6657,-20.4799
2014-2-15,660.9,9.9356,9.2165
2014-2-16,651.3,-1.4526,11.7519
2014-2-17,614.23,-5.6917,29.5253
2014-2-18,627.16,2.1051,-2.1152
2014-2-19,625.97,-0.1897,8.4006
2014-2-20,623.09,-0.4601,10.8636
2014-2-21,556.88,-10.6261,-1.6369
2014-2-22,574.24,3.1174,-8.1923
2014-2-23,606.47,5.6126,-1.6799
2014-2-24,606.04,-0.0709,-4.3967
2014-2-25,540.24,-10.8574,-26.8545
2014-2-26,537.04,-0.5923,-24.1322
2014-2-27,581.65,8.3066,-14.48
2014-2-28,579.7,-0.3353,-16.6421
2014-3-1,549.92,-5.1371,-24.338
2014-3-2,567.23,3.1477,-20.4866
2014-3-3,562.56,-0.8233,-23.7564
2014-3-4,668.24,18.7856,-8.7733
2014-3-5,666.24,-0.2993,-11.616
2014-3-6,664.52,-0.2582,-16.1595
2014-3-7,664.31,-0.0316,-25.2179
2014-3-8,629.66,-5.2159,-31.5491
2014-3-9,616.31,-2.1202,-17.7684
2014-3-10,636.33,3.2484,-20.2336
2014-3-11,627.95,-1.3169,-22.1708
2014-3-12,631.91,0.6306,-23.9767
2014-3-13,633.62,0.2706,-29.7339
2014-3-14,638.14,0.7134,-22.5601
2014-3-15,629.37,-1.3743,-21.9558
2014-3-16,636.5,1.1329,-19.631
2014-3-17,630.92,-0.8767,-23.7689
2014-3-18,621.84,-1.4392,-22.2091
2014-3-19,613.9,-1.2769,-21.2787
2014-3-20,609.74,-0.6776,-24.847
2014-3-21,588.29,-3.5179,-32.1438
2014-3-22,571.18,-2.9084,-34.8525
2014-3-23,565.76,-0.9489,-35.5208
2014-3-24,562.51,-0.5744,-33.5872
2014-3-25,585.03,4.0035,-26.8597
2014-3-26,583.48,-0.2649,-23.9401
2014-3-27,580.26,-0.5519,-31.7059
2014-3-28,477.14,-17.7713,-53.0992
2014-3-29,501.71,5.1494,-35.4492
2014-3-30,492.37,-1.8616,-41.9541
2014-3-31,462.3,-6.1072,-50.0441
2014-4-1,457,-1.1464,-50.2716
2014-4-2,479.14,4.8446,-46.6708
2014-4-3,436.44,-8.9118,-56.1003
2014-4-4,445.66,2.1125,-52.9288
2014-4-5,446.67,0.2266,-52.6646
2014-4-6,463.4,3.7455,-49.6705
2014-4-7,461.47,-0.4165,-48.3556
2014-4-8,447.61,-3.0034,-47.3876
2014-4-9,453.18,1.2444,-35.4652
2014-4-10,442.26,-2.4096,-33.8566
2014-4-11,363.71,-17.761,-53.086
2014-4-12,420.89,15.7213,-37.6847
2014-4-13,421.46,0.1354,-35.9224
2014-4-14,414.83,-1.5731,-34.3276
2014-4-15,458.37,10.4959,-16.166
2014-4-16,522.18,13.9211,-12.1805
2014-4-17,529.07,1.3195,-9.4084
2014-4-18,495.8,-6.2884,-10.0051
2014-4-19,479.58,-3.2715,-15.3817
2014-4-20,501.75,4.6228,-10.5692
2014-4-21,497.74,-0.7992,-10.9083
2014-4-22,495.45,-0.4601,-0.7423
2014-4-23,488.36,-1.431,-5.2907
2014-4-24,490.83,0.5058,-10.3975
2014-4-25,500.09,1.8866,-8.44
2014-4-26,461.7,-7.6766,-5.2592
2014-4-27,457.24,-0.966,-5.6329
2014-4-28,430.72,-5.8,-19.7395
2014-4-29,439.98,2.1499,-17.2543
2014-4-30,446.89,1.5705,-10.5467
2014-5-1,447.63,0.1656,-13.5288
2014-5-2,457.36,2.1737,-10.5318
2014-5-3,449.4,-1.7404,-31.0578
2014-5-4,438.52,-2.421,-33.1795
2014-5-5,434.78,-0.8529,-33.7742
2014-5-6,433.36,-0.3266,-34.0692
2014-5-7,429.34,-0.9276,-29.7809
2014-5-8,438.68,2.1754,-25.4853
2014-5-9,440.18,0.3419,-28.3918
2014-5-10,450.46,2.3354,-24.7395
2014-5-11,453.92,0.7681,-24.602
2014-5-12,438.3,-3.4411,-28.3137
2014-5-13,441.53,0.7369,-28.2902
2014-5-14,440.59,-0.2129,-27.1288
2014-5-15,444.14,0.8057,-27.456
2014-5-16,447.39,0.7318,-25.8475
2014-5-17,448.12,0.1632,-24.2451
2014-5-18,448.7,0.1294,-22.8388
2014-5-19,446.08,-0.5839,-22.7451
2014-5-20,446.3,0.0493,-19.1779
2014-5-21,485.8,8.8505,-7.419
2014-5-22,492.05,1.2865,-5.1836
2014-5-23,525.72,6.8428,2.2336
2014-5-24,521.05,-0.8883,-2.6582
2014-5-25,525.23,0.8022,-1.5911
2014-5-26,571.39,8.7885,7.7493
2014-5-27,582.59,1.9601,27.4807
2014-5-28,571.91,-1.8332,20.4981
2014-5-29,576.33,0.7728,23.1325
2014-5-30,568.18,-1.4141,27.8256
2014-5-31,615.69,8.3618,37.3338
2014-6-1,623.69,1.2994,33.7886
2014-6-2,629.65,0.9556,43.656
2014-6-3,660.55,4.9075,46.451
2014-6-4,666.77,0.9416,47.166
2014-6-5,641.07,-3.8544,39.5661
2014-6-6,659.28,2.8406,42.8232
2014-6-7,653.52,-0.8737,44.9529
2014-6-8,654.99,0.2249,43.9334
2014-6-9,655.64,0.0992,46.4422
2014-6-10,650.04,-0.8541,63.3491
2014-6-11,653.19,0.4846,48.1124
2014-6-12,633.43,-3.0252,44.9518
2014-6-13,585.7,-7.5352,38.9897
2014-6-14,600.75,2.5696,31.0634
2014-6-15,575.93,-4.1315,13.0108
2014-6-16,592.65,2.9031,14.5944
2014-6-17,591.59,-0.1789,20.7039
2014-6-18,609.77,3.0731,27.0485
2014-6-19,608.07,-0.2788,22.1469
2014-6-20,597.4,-1.7547,21.1914
2014-6-21,593.68,-0.6227,21.0288
2014-6-22,595.9,0.3739,22.8337
2014-6-23,602.16,1.0505,23.3784
2014-6-24,593.97,-1.3601,20.1317
2014-6-25,581.81,-2.0472,25.7611
2014-6-26,566.14,-2.6933,24.0338
2014-6-27,581.3,2.6778,32.5116
2014-6-28,599.08,3.0587,33.4204
2014-6-29,596.33,-0.459,31.3909
2014-6-30,602.62,1.0548,32.2801
2014-7-1,641.39,6.4336,36.54
2014-7-2,641.04,-0.0546,38.2258
2014-7-3,650.77,1.5178,42.1646
2014-7-4,644.65,-0.9404,42.0771
2014-7-5,629.95,-2.2803,40.1234
2014-7-6,631.77,0.2889,41.3399
2014-7-7,635.46,0.5841,39.7486
2014-7-8,622.57,-2.0285,37.3782
2014-7-9,625.22,0.4257,35.4685
2014-7-10,624.83,-0.0624,34.638
2014-7-11,616.66,-1.3076,36.7715
2014-7-12,631.88,2.4681,38.5027
2014-7-13,634.22,0.3703,39.0859
2014-7-14,626.56,-1.2078,37.0724
2014-7-15,620,-1.047,35.2936
2014-7-16,622.01,0.3242,35.4546
2014-7-17,616.54,-0.8794,34.4458
2014-7-18,622.37,0.9456,35.9753
2014-7-19,629.17,1.0926,37.0186
2014-7-20,628.56,-0.097,28.0711
2014-7-21,623.95,-0.7334,26.0512
2014-7-22,622.27,-0.2693,18.9391
2014-7-23,621.12,-0.1848,19.6426
2014-7-24,619.5,-0.2608,18.5796
2014-7-25,601.51,-2.904,6.8871
2014-7-26,601.54,0.005,4.932
2014-7-27,595.67,-0.9758,5.7894
2014-7-28,594.14,-0.2569,4.7597
2014-7-29,585.55,-1.4458,4.728
2014-7-30,584.74,-0.1383,-3.7721
2014-7-31,567.37,-2.9706,-8.0421
2014-8-1,586.2,3.3188,-5.6789
2014-8-2,594.9,1.4841,-9.1023
2014-8-3,588.89,-1.0103,-11.0542
2014-8-4,586.23,-0.4517,-7.6515
2014-8-5,589.01,0.4742,-10.0179
2014-8-6,585.95,-0.5195,-9.6637
2014-8-7,584.65,-0.2219,-10.1105
2014-8-8,588.88,0.7235,-9.4862
2014-8-9,592.47,0.6096,-8.0225
2014-8-10,589.17,-0.557,-9.0641
2014-8-11,591.28,0.3581,-5.6808
2014-8-12,576.51,-2.498,-0.6436
2014-8-13,570.38,-1.0633,-4.2765
2014-8-14,546.18,-4.2428,-4.3878
2014-8-15,511.14,-6.4155,-13.7064
2014-8-16,497.83,-2.604,-16.1315
2014-8-17,519.14,4.2806,-14.924
2014-8-18,491.51,-5.3223,-19.9675
2014-8-19,461.48,-6.1097,-24.3225
2014-8-20,485.07,5.1118,-18.588
2014-8-21,510.45,5.2322,-13.7297
2014-8-22,517.58,1.3968,-13.3834
2014-8-23,513.39,-0.8095,-12.8328
2014-8-24,498.29,-2.9412,-13.7268
2014-8-25,508.22,1.9928,-9.0407
2014-8-26,502.54,-1.1176,-12.8361
2014-8-27,512.19,1.9202,-13.9746
2014-8-28,510.88,-0.2558,-13.7714
2014-8-29,508.42,-0.4815,-15.3077
2014-8-30,508.59,0.0334,-21.7079
2014-8-31,502.9,-1.1188,-22.7721
2014-9-1,477.79,-4.993,-29.2829
2014-9-2,474.48,-0.6928,-29.0353
2014-9-3,476.87,0.5037,-26.2513
2014-9-4,477.68,0.1699,-26.3703
2014-9-5,489.67,2.51,-24.4444
2014-9-6,483.34,-1.2927,-23.7086
2014-9-7,485.13,0.3703,-23.764
2014-9-8,481.81,-0.6844,-24.386
2014-9-9,474.88,-1.4383,-24.5167
2014-9-10,475.48,0.1263,-26.8585
2014-9-11,479.62,0.8707,-26.3581
2014-9-12,479.58,-0.0083,-25.1586
2014-9-13,477.79,-0.3732,-24.4848
2014-9-14,479.12,0.2784,-24.5306
2014-9-15,477.77,-0.2818,-23.933
2014-9-16,474.86,-0.6091,-25.4877
2014-9-17,465.86,-1.8953,-28.4756
2014-9-18,456.86,-1.9319,-30.3105
2014-9-19,424.1,-7.1707,-36.7478
2014-9-20,394.67,-6.9394,-43.4179
2014-9-21,408.08,3.3978,-39.8353
2014-9-22,399.1,-2.2005,-41.775
2014-9-23,402.09,0.7492,-38.1218
2014-9-24,435.75,8.3713,-29.7555
2014-9-25,423.16,-2.8893,-31.669
2014-9-26,411.43,-2.772,-34.1841
2014-9-27,403.56,-1.9128,-34.6511
2014-9-28,399.47,-1.0135,-35.5263
2014-9-29,376.93,-5.6425,-38.1982
2014-9-30,376.09,-0.2229,-41.7399
2014-10-1,387.43,3.0152,-40.2088
2014-10-2,383.99,-0.8879,-40.0864
2014-10-3,375.18,-2.2943,-41.929
2014-10-4,359.89,-4.0754,-46.4786
2014-10-5,328.92,-8.6054,-54.5645
2014-10-6,320.39,-2.5933,-56.9359
2014-10-7,330.58,3.1805,-54.4789
2014-10-8,336.12,1.6758,-53.4127
2014-10-9,352.75,4.9476,-47.9081
2014-10-10,364.69,3.3848,-44.8814
2014-10-11,361.36,-0.9131,-43.2965
2014-10-12,362.61,0.3459,-41.8873
2014-10-13,377.92,4.2222,-33.4223
2014-10-14,391.69,3.6436,-23.3632
2014-10-15,400.95,2.3641,-18.3951
2014-10-16,394.52,-1.6037,-24.2794
2014-10-17,382.76,-2.9808,-21.9379
2014-10-18,383.98,0.3187,-15.5095
2014-10-19,391.25,1.8933,-18.728
2014-10-20,389.23,-0.5163,-24.4765
2014-10-21,382.42,-1.7496,-27.6229
2014-10-22,386.12,0.9675,-25.8459
2014-10-23,382.96,-0.8184,-23.7231
2014-10-24,358.59,-6.3636,-32.0795
2014-10-25,358.61,0.0056,-30.9563
2014-10-26,347.49,-3.1009,-35.9774
2014-10-27,354.78,2.0979,-33.6237
2014-10-28,353.21,-0.4425,-33.5847
2014-10-29,357.09,1.0985,-32.5196
2014-10-30,335.71,-5.9873,-37.3881
2014-10-31,345.01,2.7702,-29.6249
2014-11-1,338.65,-1.8434,-30.7755
2014-11-2,326.08,-3.7118,-34.991
2014-11-3,325.57,-0.1564,-35.3173
2014-11-4,327.16,0.4884,-37.3389
2014-11-5,330.68,1.0759,-34.9703
2014-11-6,339.46,2.6551,-32.6855
2014-11-7,349.82,3.0519,-28.9492
2014-11-8,342.15,-2.1926,-29.7035
2014-11-9,345.38,0.944,-28.8858
2014-11-10,362.27,4.8903,-24.8662
2014-11-11,365.86,0.991,-23.8669
2014-11-12,367.98,0.5795,-22.9142
2014-11-13,427.27,16.1123,-7.0803
2014-11-14,418.42,-2.0713,-8.8698
2014-11-15,399.65,-4.4859,-12.7466
2014-11-16,374.73,-6.2355,-17.0868
2014-11-17,388.35,3.6346,-11.5203
2014-11-18,387.79,-0.1442,-4.4938
2014-11-19,373.9,-3.5818,-1.1362
2014-11-20,380.31,1.7144,-2.8196
2014-11-21,357.88,-5.8978,-6.5169
2014-11-22,351.6,-1.7548,-9.0209
2014-11-23,353.17,0.4465,-16.9457
2014-11-24,366.95,3.9018,-10.1546
2014-11-25,376.89,2.7088,-4.6738
2014-11-26,376.02,-0.2308,-2.9918
2014-11-27,370.5,-1.468,-3.4463
2014-11-28,369.37,-0.305,1.8912
2014-11-29,376.15,1.8356,3.9497
2014-11-30,375.51,-0.1701,0.7644
2014-12-1,378.25,0.7297,2.382
2014-12-2,379.25,0.2644,4.9407
2014-12-3,381.72,0.6513,9.6674
2014-12-4,375.72,-1.5718,16.701
2014-12-5,369.44,-1.6715,17.6228
2014-12-6,376.76,1.9814,16.4237
2014-12-7,374.84,-0.5096,14.2383
2014-12-8,374.96,0.032,9.3227
2014-12-9,361.89,-3.4857,2.4522
2014-12-10,352.2,-2.6776,0.6877
2014-12-11,344.34,-2.2317,-1.8899
2014-12-12,350.83,1.8848,-4.2273
2014-12-13,352.38,0.4418,-7.4291
2014-12-14,346.73,-1.6034,-11.3966
2014-12-15,351.36,1.3353,-8.4576
2014-12-16,345.67,-1.6194,-7.0962
2014-12-17,326.86,-5.4416,-12.8565
2014-12-18,319.79,-2.163,-16.9128
2014-12-19,311.18,-2.6924,-19.0889
2014-12-20,317.62,2.0695,-15.2698
2014-12-21,329.54,3.7529,-12.4844
2014-12-22,321.07,-2.5702,-14.2362
2014-12-23,332.02,3.4105,-4.4621
2014-12-24,334.39,0.7138,-3.7539
2014-12-25,322.29,-3.6185,-4.2715
2014-12-26,319.15,-0.9743,-7.3437
2014-12-27,327.58,2.6414,-4.2598
2014-12-28,316.16,-3.4862,-8.8445
2014-12-29,317.7,0.4871,-2.3701
2014-12-30,312.72,-1.5675,-6.7078
2014-12-31,310.91,-0.5788,-5.4432
2015-1-1,320.43,3.062,1.3306
2015-1-2,314.08,-1.9817,-0.4947
2015-1-3,314.85,0.2452,-0.7379
2015-1-4,281.15,-10.7035,-12.5173
2015-1-5,265.08,-5.7158,-20.8882
2015-1-6,274.61,3.5951,-20.345
2015-1-7,286.08,4.1768,-13.9756
2015-1-8,294.14,2.8174,-12.1022
2015-1-9,282.38,-3.9981,-20.9906
2015-1-10,287.3,1.7423,-20.2393
2015-1-11,274.61,-4.417,-25.2358
2015-1-12,266.15,-3.0807,-44.4288
2015-1-13,267.39,0.4659,-41.8916
2015-1-14,223.89,-16.2684,-53.6741
2015-1-15,176.9,-20.988,-68.4266
2015-1-16,209.07,18.1854,-53.8758
2015-1-17,207.83,-0.5931,-54.3247
2015-1-18,200.05,-3.7434,-54.4863
2015-1-19,211.47,5.7086,-50.4921
2015-1-20,212.91,0.6809,-43.9134
2015-1-21,211.38,-0.7186,-42.8772
2015-1-22,227.32,7.5409,-35.7828
2015-1-23,233.52,2.7274,-36.9572
2015-1-24,232.7,-0.3511,-40.0171
2015-1-25,247.35,6.2957,-33.4906
2015-1-26,254.08,2.7208,-29.3018
2015-1-27,273.17,7.5134,-21.4834
2015-1-28,263.35,-3.5948,-26.9138
2015-1-29,233.35,-11.3917,-38.1354
2015-1-30,232.77,-0.2486,-39.1137
2015-1-31,226.44,-2.7194,-42.0975
2015-2-1,216.87,-4.2263,-46.9751
2015-2-2,226.49,4.4358,-40.9675
2015-2-3,237.45,4.8391,-34.4569
2015-2-4,227.51,-4.1861,-40.6244
2015-2-5,227.66,0.0659,-40.0489
2015-2-6,216.92,-4.7176,-44.7985
2015-2-7,222.63,2.6323,-38.6805
2015-2-8,227.69,2.2728,-33.7301
2015-2-9,223.39,-1.8885,-33.3869
2015-2-10,220.28,-1.3922,-36.6639
2015-2-11,219.73,-0.2497,-37.3554
2015-2-12,219.21,-0.2367,-35.9887
2015-2-13,221.97,1.2591,-36.0649
2015-2-14,235.53,6.1089,-28.3366
2015-2-15,257.51,9.3321,-13.5629
2015-2-16,234.82,-8.8113,-20.2112
2015-2-17,233.42,-0.5962,-18.115
2015-2-18,243.78,4.4384,-15.7461
2015-2-19,236.41,-3.0232,-22.5222
2015-2-20,240.25,1.6243,-18.3277
2015-2-21,243.75,1.4568,-20.2814
2015-2-22,244.54,0.3241,-20.6711
2015-2-23,235.99,-3.4964,-20.549
2015-2-24,239,1.2755,-18.2992
2015-2-25,238.89,-0.046,-20.9866
2015-2-26,237.34,-0.6488,-18.1492
2015-2-27,236.44,-0.3792,-19.0155
2015-2-28,253.52,7.2238,-10.2242
2015-3-1,254.28,0.2998,-9.3456
2015-3-2,260.36,2.3911,-10.0165
2015-3-3,275.05,5.6422,-2.3926
2015-3-4,281.99,2.5232,-0.1146
2015-3-5,272.74,-3.2803,7.3086
2015-3-6,275.6,1.0486,14.073
2015-3-7,272.29,-1.201,9.2769
2015-3-8,276.43,1.5204,6.6205
2015-3-9,274.81,-0.586,3.2171
2015-3-10,289.86,5.4765,12.6917
2015-3-11,291.52,0.5727,11.5221
2015-3-12,296.13,1.5814,17.5205
2015-3-13,294.12,-0.6788,19.9224
2015-3-14,284.44,-3.2912,16.1653
2015-3-15,281.42,-1.0617,31.372
2015-3-16,285.68,1.5138,53.8738
2015-3-17,290.6,1.7222,37.4106
2015-3-18,285.07,-1.903,36.1007
2015-3-19,255.88,-10.2396,29.6045
2015-3-20,260.96,1.9853,25.8812
2015-3-21,261.64,0.2606,25.4609
2015-3-22,259.92,-0.6574,25.5221
2015-3-23,267.89,3.0663,21.0475
2015-3-24,266.58,-0.489,17.8311
2015-3-25,247.47,-7.1686,11.0136
2015-3-26,246.28,-0.4809,4.237
2015-3-27,248.57,0.9298,2.446
2015-3-28,246.98,-0.6397,-5.7071
2015-3-29,252.74,2.3322,0.2199
2015-3-30,242.88,-3.9012,7.7104
2015-3-31,247.45,1.8816,9.8406
2015-4-1,244.22,-1.3053,11.2547
2015-4-2,247.09,1.1752,16.6562
2015-4-3,253.07,2.4202,14.6406
2015-4-4,254.29,0.4821,10.2836
2015-4-5,253.76,-0.2084,14.2613
2015-4-6,260.72,2.7427,16.9381
2015-4-7,255.27,-2.0904,19.5653
2015-4-8,253.06,-0.8657,16.0673
2015-4-9,244.75,-3.2838,10.5107
2015-4-10,243.69,-0.4331,11.9661
2015-4-11,236.02,-3.1474,10.2109
2015-4-12,236.54,0.2203,10.6809
2015-4-13,235.95,-0.2494,10.6682
2015-4-14,224.76,-4.7425,4.6666
2015-4-15,219.07,-2.5316,-3.9739
2015-4-16,223.92,2.2139,-11.0921
2015-4-17,228.57,2.0766,-0.2042
2015-4-18,222.85,-2.5025,-2.1105
2015-4-19,223.46,0.2737,-6.2752
2015-4-20,222.61,-0.3804,-3.6324
2015-4-21,224.62,0.9029,-4.3538
2015-4-22,235.6,4.8883,-0.9223
2015-4-23,234.05,-0.6579,-1.9043
2015-4-24,235.97,0.8203,2.4124
2015-4-25,231.24,-2.0045,-0.8676
2015-4-26,226.41,-2.0887,-2.9103
2015-4-27,219.43,-3.0829,-5.3444
2015-4-28,228.97,4.3476,-0.6176
2015-4-29,225.59,-1.4762,-9.3176
2015-4-30,225.69,0.0443,-9.5731
2015-5-1,235.94,4.5416,-7.4226
2015-5-2,232.34,-1.5258,-14.5906
2015-5-3,234.88,1.0932,-16.0206
2015-5-4,240.36,2.3331,-10.4072
2015-5-5,238.85,-0.6282,-12.084
2015-5-6,236.25,-1.0885,-11.9715
2015-5-7,229.66,-2.7894,-16.2813
2015-5-8,237.2,3.2831,-12.4122
2015-5-9,243.77,2.7698,-15.1189
2015-5-10,241.73,-0.8369,-16.5285
2015-5-11,240.3,-0.5916,-18.7015
2015-5-12,242.15,0.7699,-17.2528
2015-5-13,241.4,-0.3097,-14.2713
2015-5-14,236.21,-2.15,-15.3596
2015-5-15,236.96,0.3175,-16.5559
2015-5-16,237.64,0.287,-17.9911
2015-5-17,236.01,-0.6859,-16.774
2015-5-18,236.89,0.3729,-6.1615
2015-5-19,233.04,-1.6252,-9.772
2015-5-20,231.89,-0.4935,-10.5261
2015-5-21,234.02,0.9185,-8.9502
2015-5-22,235.32,0.5555,-11.461
2015-5-23,240.29,2.112,-8.86
2015-5-24,238.98,-0.5452,-2.2366
2015-5-25,240.93,0.816,-0.9397
2015-5-26,237.1,-1.5897,-3.4592
2015-5-27,237.07,-0.0127,-2.8322
2015-5-28,237.26,0.0801,-5.0843
2015-5-29,237.38,0.0506,-1.1325
2015-5-30,237.09,-0.1222,-3.1363
2015-5-31,233.13,-1.6703,-3.5013
2015-6-1,230.23,-1.2439,-5.9204
2015-6-2,222.89,-3.1881,-11.5287
2015-6-3,225.74,1.2787,-10.7321
2015-6-4,225.77,0.0133,-10.5104
2015-6-5,224.15,-0.7175,-13.9706
2015-6-6,225.01,0.3837,-11.4965
2015-6-7,225.6,0.2622,-10.3686
2015-6-8,222.88,-1.2057,-8.2905
2015-6-9,228.54,2.5395,-5.3179
2015-6-10,228.99,0.1969,-1.9736
2015-6-11,228.85,-0.0611,-2.255
2015-6-12,229.71,0.3758,-1.6298
2015-6-13,229.92,0.0914,3.2041
2015-6-14,232.44,1.096,6.8317
2015-6-15,233.42,0.4216,5.0394
2015-6-16,236.76,1.4309,4.3937
2015-6-17,250.82,5.9385,12.8347
2015-6-18,249.43,-0.5542,12.0068
2015-6-19,249.04,-0.1564,12.2308
2015-6-20,244.53,-1.811,9.5169
2015-6-21,245.1,0.2331,4.8617
2015-6-22,243.97,-0.461,5.0586
2015-6-23,246.93,1.2133,5.4516
2015-6-24,244.28,-1.0732,6.3829
2015-6-25,240.37,-1.6006,6.871
2015-6-26,242.6,0.9277,10.8816
2015-6-27,243.55,0.3916,6.9256
2015-6-28,250.96,3.0425,11.4443
2015-6-29,248.72,-0.8926,10.5074
2015-6-30,257.04,3.3451,9.3109
2015-7-1,263.35,2.4549,13.2916
2015-7-2,258.55,-1.8227,10.3757
2015-7-3,255.46,-1.1951,6.8475
2015-7-4,256.49,0.4032,7.8789
2015-7-5,260.8,1.6804,10.6478
2015-7-6,271.11,3.9532,17.3904
2015-7-7,269.96,-0.4242,13.6831
2015-7-8,265.98,-1.4743,9.439
2015-7-9,270.83,1.8234,12.0993
2015-7-10,269.16,-0.6166,12.0743
2015-7-11,284.88,5.8404,17.1448
2015-7-12,293.14,2.8995,20.354
2015-7-13,310.83,6.0347,28.5387
2015-7-14,292.03,-6.0483,22.1729
2015-7-15,288.05,-1.3629,20.523
2015-7-16,286.04,-0.6978,20.5111
2015-7-17,278.09,-2.7793,17.3589
2015-7-18,279.33,0.4459,19.43
2015-7-19,274.77,-1.6325,18.291
2015-7-20,273.5,-0.4622,16.9103
2015-7-21,278.88,1.9671,18.3219
2015-7-22,275.66,-1.1546,15.0553
2015-7-23,277.34,0.6094,16.2099
2015-7-24,276.01,-0.4796,14.9143
2015-7-25,288.16,4.402,20.906
2015-7-26,288.64,0.1666,21.0853
2015-7-27,292.64,1.3858,22.391
2015-7-28,293.63,0.3383,22.6787
2015-7-29,294.48,0.2895,23.0904
2015-7-30,289.1,-1.8269,22.9338
2015-7-31,287.7,-0.4843,23.6934
2015-8-1,284.69,-1.0462,25.8353
2015-8-2,280.45,-1.4893,23.0673
2015-8-3,282.81,0.8415,23.8955
2015-8-4,281.23,-0.5587,24.0543
2015-8-5,284.85,1.2872,24.9578
2015-8-6,281.91,-1.0321,23.6635
2015-8-7,278.74,-1.1245,23.7447
2015-8-8,279.74,0.3588,21.564
2015-8-9,261.12,-6.6562,14.7109
2015-8-10,265.48,1.6697,16.4417
2015-8-11,264.34,-0.4294,15.6365
2015-8-12,270.6,2.3682,17.9133
2015-8-13,266.18,-1.6334,15.1839
2015-8-14,264.13,-0.7702,13.9921
2015-8-15,265.53,0.53,13.0912
2015-8-16,261.87,-1.3784,5.7743
2015-8-17,258.49,-1.2907,5.0378
2015-8-18,257.93,-0.2166,4.9776
2015-8-19,225.67,-12.5073,-5.7187
2015-8-20,226.9,0.545,-5.4068
2015-8-21,235.35,3.7241,-1.2217
2015-8-22,232.66,-1.143,-3.578
2015-8-23,230.38,-0.98,-3.4848
2015-8-24,228.11,-0.9853,-2.8695
2015-8-25,210.07,-7.9085,-11.7057
2015-8-26,222.08,5.7171,-6.3802
2015-8-27,226.05,1.7876,-7.6351
2015-8-28,224.7,-0.5972,-7.3397
2015-8-29,231.55,3.0485,-7.6363
2015-8-30,229.9,-0.7126,-10.8038
2015-8-31,229.11,-0.3436,-9.3247
2015-9-1,230.26,0.5019,-7.6277
2015-9-2,228.03,-0.9685,-8.9994
2015-9-3,229.32,0.5657,-10.1141
2015-9-4,227.21,-0.9201,-14.9874
2015-9-5,230.2,1.316,-13.2472
2015-9-6,234.87,2.0287,-9.7442
2015-9-7,239.93,2.1544,-9.4132
2015-9-8,239.85,-0.0333,-8.8299
2015-9-9,243.41,1.4843,-13.186
2015-9-10,238.34,-2.0829,-18.1684
2015-9-11,238.33,-0.0042,-24.2073
2015-9-12,239.85,0.6378,-17.5212
2015-9-13,235.24,-1.922,-18.0803
2015-9-14,230.61,-1.9682,-19.3507
2015-9-15,230.49,-0.052,-16.6234
2015-9-16,230.25,-0.1041,-17.1734
2015-9-17,229.08,-0.5081,-16.049
2015-9-18,233.52,1.9382,-13.6486
2015-9-19,232.86,-0.2826,-15.8983
2015-9-20,231.4,-0.627,-15.3707
2015-9-21,231.22,-0.0778,-16.0579
2015-9-22,226.97,-1.8381,-17.4164
2015-9-23,230.94,1.7491,-20.0693
2015-9-24,230.36,-0.2511,-20.487
2015-9-25,234.36,1.7364,-20.1364
2015-9-26,235.08,0.3072,-20.1675
2015-9-27,234.14,-0.3999,-20.8569
2015-9-28,232.84,-0.5552,-19.5852
2015-9-29,239.02,2.6542,-16.4467
2015-9-30,236.64,-0.9957,-16.3962
2015-10-1,236,-0.2705,-15.1774
2015-10-2,237.26,0.5339,-15.485
2015-10-3,237.2,-0.0253,-14.9516
2015-10-4,238.53,0.5607,-15.6781
2015-10-5,238.15,-0.1593,-14.8053
2015-10-6,240.36,0.928,-12.7528
2015-10-7,246.17,2.4172,-10.6944
2015-10-8,243.07,-1.2593,-5.2975
2015-10-9,242.5,-0.2345,-7.2017
2015-10-10,243.74,0.5113,-6.261
2015-10-11,244.74,0.4103,-8.2189
2015-10-12,246.88,0.8744,-5.7111
2015-10-13,245.2,-0.6805,-5.6214
2015-10-14,249.49,1.7496,-4.4018
2015-10-15,252.11,1.0501,-1.9733
2015-10-16,254.3,0.8687,0.1861
2015-10-17,262.75,3.3228,3.7255
2015-10-18,270.91,3.1056,19.3384
2015-10-19,261.86,-3.3406,15.4528
2015-10-20,263.57,0.653,12.3817
2015-10-21,269.31,2.1778,15.7025
2015-10-22,266.5,-1.0434,15.6391
2015-10-23,273.65,2.6829,19.3073
2015-10-24,276.5,1.0415,28.2573
2015-10-25,281.45,1.7902,24.3304
2015-10-26,283.63,0.7746,23.3174
2015-10-27,285.18,0.5465,24.4611
2015-10-28,293.7,2.9876,24.4002
2015-10-29,304.32,3.6159,28.7287
2015-10-30,313.94,3.1611,32.2334
2015-10-31,328.51,4.641,36.3725
2015-11-1,315.01,-4.1095,33.2315
2015-11-2,325.94,3.4697,36.1355
2015-11-3,361.87,11.0235,48.0791
2015-11-4,403.66,11.5483,58.3114
2015-11-5,408.08,1.095,57.3777
2015-11-6,388.05,-4.9084,50.3149
2015-11-7,374.27,-3.5511,46.7971
2015-11-8,384.28,2.6745,47.9873
2015-11-9,374.32,-2.5919,47.4783
2015-11-10,379.98,1.5121,48.9946
2015-11-11,339.82,-10.569,37.7878
2015-11-12,314.08,-7.5746,32.1352
2015-11-13,338.5,7.7751,41.8785
2015-11-14,336.62,-0.5554,41.3751
2015-11-15,333.05,-1.0605,40.4187
2015-11-16,319.73,-3.9994,36.9274
2015-11-17,330.36,3.3247,38.3139
2015-11-18,334.59,1.2804,39.8769
2015-11-19,334.68,0.0269,40.5308
2015-11-20,326.41,-2.471,38.1376
2015-11-21,322.09,-1.3235,38.6522
2015-11-22,326.98,1.5182,38.4213
2015-11-23,324.35,-0.8043,37.8681
2015-11-24,323.01,-0.4131,35.7186
2015-11-25,320.05,-0.9164,34.495
2015-11-26,328.3,2.5777,37.4726
2015-11-27,351.86,7.1764,45.2042
2015-11-28,357.14,1.5006,44.0506
2015-11-29,357.47,0.0924,45.1387
2015-11-30,371.44,3.908,49.3172
2015-12-1,377.41,1.6073,50.3906
2015-12-2,361.85,-4.1228,46.2931
2015-12-3,359.33,-0.6964,45.036
2015-12-4,361.26,0.5371,45.7324
2015-12-5,363.72,0.681,45.4854
2015-12-6,389.55,7.1016,50.1698
2015-12-7,389.98,0.1104,51.5395
2015-12-8,395.75,1.4796,53.2536
2015-12-9,414.44,4.7227,57.465
2015-12-10,417.99,0.8566,57.9113
2015-12-11,415.28,-0.6483,56.3886
2015-12-12,452.33,8.9217,65.9908
2015-12-13,431.66,-4.5697,59.6715
2015-12-14,433.27,0.373,58.9944
2015-12-15,443.88,2.4488,60.5745
2015-12-16,465.21,4.8054,62.0571
2015-12-17,454.78,-2.242,56.7095
2015-12-18,455.85,0.2353,60.2854
2015-12-19,463.55,1.6892,61.3216
2015-12-20,462.23,-0.2848,58.859
2015-12-21,442.84,-4.1949,55.7075
2015-12-22,437.44,-1.2194,51.8052
2015-12-23,436.72,-0.1646,50.5991
2015-12-24,443.09,1.4586,50.2675
2015-12-25,454.86,2.6563,52.1492
2015-12-26,455.76,0.1979,51.8006
2015-12-27,416.51,-8.612,40.201
2015-12-28,423.34,1.6398,38.2249
2015-12-29,422.1,-0.2929,34.7709
2015-12-30,433.3,2.6534,32.7833
2015-12-31,425.88,-1.7124,35.1804
2016-1-1,430.72,1.1365,32.8472
2016-1-2,434.62,0.9055,22.7292
2016-1-3,433.58,-0.2393,10.9416
2016-1-4,430.06,-0.8118,9.0348
2016-1-5,433.07,0.6999,14.6431
2016-1-6,431.86,-0.2794,17.9148
2016-1-7,430.01,-0.4284,14.8119
2016-1-8,457.54,6.4022,23.806
2016-1-9,453.38,-0.9092,21.3847
2016-1-10,448.24,-1.1337,30.82
2016-1-11,448.7,0.1026,38.4972
2016-1-12,448.18,-0.1159,30.6062
2016-1-13,434.67,-3.0144,28.1472
2016-1-14,432.29,-0.5475,28.6602
2016-1-15,430.26,-0.4696,32.19
2016-1-16,365.07,-15.1513,13.714
2016-1-17,387.15,6.0482,18.4818
2016-1-18,381.73,-1.4,17.0549
2016-1-19,387.03,1.3884,20.9143
2016-1-20,379.74,-1.8836,20.3542
2016-1-21,419.63,10.5046,29.3406
2016-1-22,409.75,-2.3545,27.7904
2016-1-23,382.43,-6.6675,21.536
2016-1-24,388.1,1.4826,23.935
2016-1-25,402.32,3.664,25.0213
2016-1-26,392,-2.5651,15.2798
2016-1-27,392.44,0.1122,13.8914
2016-1-28,395.15,0.6906,14.4896
2016-1-29,380.11,-3.8061,6.7755
2016-1-30,378.86,-0.3289,4.8393
2016-1-31,378.29,-0.1505,8.8116
2016-2-1,369.35,-2.3633,7.1447
2016-2-2,372.92,0.9666,7.5742
2016-2-3,374.65,0.4639,7.3571
2016-2-4,370.17,-1.1958,-0.9403
2016-2-5,388.9,5.0598,4.0091
2016-2-6,386.59,-0.594,1.9355
2016-2-7,376.51,-2.6074,-5.3946
2016-2-8,376.76,0.0664,-6.1848
2016-2-9,373.42,-0.8865,-6.423
2016-2-10,376.15,0.7311,-14.6136
2016-2-11,382.11,1.5845,-8.4594
2016-2-12,379.69,-0.6333,-9.4657
2016-2-13,384.64,1.3037,-10.6108
2016-2-14,392.93,2.1553,-13.2609
2016-2-15,407.57,3.7259,-7.293
2016-2-16,401.43,-1.5065,-9.0348
2016-2-17,407.66,1.552,-9.172
2016-2-18,416.57,2.1856,-6.7016
2016-2-19,422.73,1.4787,-1.028
2016-2-20,421.6,-0.2673,-0.0759
2016-2-21,437.77,3.8354,3.9241
2016-2-22,438.99,0.2787,2.7442
2016-2-23,438.26,-0.1663,-0.0784
2016-2-24,420.96,-3.9474,-4.2237
2016-2-25,425.04,0.9692,5.3575
2016-2-26,424.63,-0.0965,3.6212
2016-2-27,432.84,1.9334,5.8475
2016-2-28,432.57,-0.0624,3.1317
2016-2-29,433.44,0.2011,5.0452
2016-3-1,437.92,1.0336,4.9423
2016-3-2,435.13,-0.6371,3.3997
2016-3-3,423.91,-2.5785,1.0605
2016-3-4,421.84,-0.4883,1.384
2016-3-5,410.78,-2.6218,-1.9377
2016-3-6,400.52,-2.4977,-4.156
2016-3-7,407.76,1.8077,-1.9199
2016-3-8,414.46,1.6431,-6.679
2016-3-9,413.89,-0.1375,-5.9073
2016-3-10,414.74,0.2054,-4.5682
2016-3-11,417.24,0.6028,-4.068
2016-3-12,421.61,1.0474,-2.9047
2016-3-13,411.65,-2.3624,-2.2527
2016-3-14,414.2,0.6195,-1.0857
2016-3-15,416.39,0.5287,-0.0874
2016-3-16,416.89,0.1201,15.184
2016-3-17,417.89,0.2399,9.3757
2016-3-18,420.55,0.6365,11.4122
2016-3-19,409.27,-2.6822,7.3416
2016-3-20,410.4,0.2761,9.5013
2016-3-21,413.42,0.7359,-0.2674
2016-3-22,413.13,-0.0701,2.017
2016-3-23,418.16,1.2175,9.902
2016-3-24,418.42,0.0622,8.4816
2016-3-25,416.51,-0.4565,4.3611
2016-3-26,417.36,0.2041,7.1303
2016-3-27,418.14,0.1869,7.205
2016-3-28,426.55,2.0113,8.5257
2016-3-29,424.3,-0.5275,11.8043
2016-3-30,416.83,-1.7605,10.3727
2016-3-31,415.26,-0.3767,10.1465
2016-4-1,416.76,0.3612,12.871
2016-4-2,418.42,0.3983,12.3027
2016-4-3,421.17,0.6572,12.496
2016-4-4,421.3,0.0309,13.7227
2016-4-5,421.02,-0.0665,8.5964
2016-4-6,424.28,0.7743,9.9647
2016-4-7,423.62,-0.1556,12.4165
2016-4-8,422.91,-0.1676,12.1825
2016-4-9,420.81,-0.4966,12.5724
2016-4-10,419.59,-0.2899,11.5514
2016-4-11,421.87,0.5434,10.5103
2016-4-12,422.84,0.2299,11.3735
2016-4-13,425.63,0.6598,10.7296
2016-4-14,423.93,-0.3994,8.1749
2016-4-15,424.43,0.1179,4.5669
2016-4-16,429.58,1.2134,7.2868
2016-4-17,430.64,0.2468,5.9816
2016-4-18,427.61,-0.7036,3.0924
2016-4-19,428.7,0.2549,1.8686
2016-4-20,435.32,1.5442,3.6801
2016-4-21,441.42,1.4013,1.246
2016-4-22,449.69,1.8735,2.8408
2016-4-23,445.86,-0.8517,2.1554
2016-4-24,450.56,1.0541,7.1569
2016-4-25,459.12,1.8999,8.0876
2016-4-26,461.65,0.5511,8.7352
2016-4-27,466.26,0.9986,7.8004
2016-4-28,445.04,-4.5511,3.3117
2016-4-29,449.41,0.9819,4.0925
2016-4-30,455.18,1.2839,4.3428
2016-5-1,448.48,-1.4719,3.508
2016-5-2,451.93,0.7693,6.8558
2016-5-3,444.73,-1.5932,5.7509
2016-5-4,450.18,1.2255,9.5982
2016-5-5,446.71,-0.7708,11.3251
2016-5-6,447.94,0.2753,9.7927
2016-5-7,459.64,2.612,10.7616
2016-5-8,458.43,-0.2632,10.6359
2016-5-9,458.21,-0.048,10.3825
2016-5-10,460.52,0.5041,10.2838
2016-5-11,450.86,-2.0976,7.1388
2016-5-12,452.45,0.3527,9.8539
2016-5-13,454.85,0.5304,9.7648
2016-5-14,455.82,0.2133,9.4494
2016-5-15,455.76,-0.0132,9.3161
2016-5-16,457.59,0.4015,9.4777
2016-5-17,454.01,-0.7824,8.0588
2016-5-18,453.69,-0.0705,10.6705
2016-5-19,454.52,0.1829,10.5773
2016-5-20,437.79,-3.6808,6.1606
2016-5-21,442.97,1.1832,7.4139
2016-5-22,443.22,0.0564,6.2528
2016-5-23,439.35,-0.8732,5.3174
2016-5-24,444.29,1.1244,6.8983
2016-5-25,446.06,0.3984,7.0926
2016-5-26,449.67,0.8093,7.715
2016-5-27,453.52,0.8562,6.5599
2016-5-28,473.03,4.3019,11.3893
2016-5-29,527.48,11.5109,24.6607
2016-5-30,528.47,0.1877,25.2251
2016-5-31,534.19,1.0824,25.9463
2016-6-1,531.11,-0.5766,24.9714
2016-6-2,536.52,1.0186,25.3328
2016-6-3,537.68,0.2162,25.5181
2016-6-4,569.71,5.9571,31.5417
2016-6-5,573.31,0.6319,31.3993
2016-6-6,574.6,0.225,31.7799
2016-6-7,585.45,1.8883,33.8358
2016-6-8,577.17,-1.4143,32.9181
2016-6-9,582.2,0.8715,34.0795
2016-6-10,575.84,-1.0924,32.4437
2016-6-11,578.67,0.4915,32.7053
2016-6-12,609.68,5.3588,37.4043
2016-6-13,671.65,10.1643,47.968
2016-6-14,704.5,4.8909,52.741
2016-6-15,685.68,-2.6714,48.8562
2016-6-16,696.52,1.5809,50.1903
2016-6-17,768.49,10.3328,61.2267
2016-6-18,748.76,-2.5674,58.4044
2016-6-19,756.69,1.0591,57.9193
2016-6-20,763.93,0.9568,57.4748
2016-6-21,735.88,-3.6718,51.9295
2016-6-22,665.91,-9.5083,43.2729
2016-6-23,597.44,-10.2822,31.9366
2016-6-24,625.58,4.7101,34.7468
2016-6-25,665.28,6.3461,40.5418
2016-6-26,665.93,0.0977,39.6409
2016-6-27,629.35,-5.4931,38.6989
2016-6-28,658.1,4.5682,42.2852
2016-6-29,644.12,-2.1243,38.877
2016-6-30,640.59,-0.548,39.8009
2016-7-1,672.52,4.9845,44.0161
2016-7-2,676.73,0.626,46.2353
2016-7-3,704.97,4.173,49.1828
2016-7-4,658.8,-6.5492,43.4044
2016-7-5,683.21,3.7052,46.8343
2016-7-6,670.42,-1.872,42.3503
2016-7-7,678.09,1.1441,43.7576
2016-7-8,640.69,-5.5155,38.2901
2016-7-9,666.38,4.0097,41.7957
2016-7-10,650.6,-2.368,41.5253
2016-7-11,648.48,-0.3259,40.8467
2016-7-12,648.28,-0.0308,40.2855
2016-7-13,664.8,2.5483,42.6205
2016-7-14,652.92,-1.787,40.8467
2016-7-15,659.17,0.9572,41.4024
2016-7-16,663.78,0.6994,42.8842
2016-7-17,661.99,-0.2697,42.685
2016-7-18,679.81,2.6919,45.194
2016-7-19,672.74,-1.04,47.8348
2016-7-20,672.81,0.0104,46.662
2016-7-21,665.23,-1.1266,45.479
2016-7-22,664.92,-0.0466,46.3056
2016-7-23,650.73,-2.1341,43.0471
2016-7-24,655.41,0.7192,43.3679
2016-7-25,661.26,0.8926,43.4512
2016-7-26,654.23,-1.0631,41.5319
2016-7-27,651.63,-0.3974,36.8326
2016-7-28,654.49,0.4389,25.7606
2016-7-29,655.11,0.0947,25.6676
2016-7-30,657.01,0.29,24.8752
2016-7-31,655.1,-0.2907,25.1611
2016-8-1,624.6,-4.6558,19.4867
2016-8-2,606.4,-2.9139,16.3566
2016-8-3,548.66,-9.5218,0.8777
2016-8-4,566.33,3.2206,3.4664
2016-8-5,578.28,2.1101,5.3515
2016-8-6,575.03,-0.562,2.9012
2016-8-7,587.77,2.2155,6.531
2016-8-8,592.74,0.8456,6.5051
2016-8-9,591.04,-0.2868,7.3107
2016-8-10,587.65,-0.5736,6.2456
2016-8-11,592.12,0.7607,1.6475
2016-8-12,588.8,-0.5607,-9.0775
2016-8-13,587.36,-0.2446,-14.213
2016-8-14,585.59,-0.3013,-11.8429
2016-8-15,570.49,-2.5786,-16.0024
2016-8-16,567.24,-0.5697,-26.9049
2016-8-17,577.76,1.8546,-22.4829
2016-8-18,573.71,-0.701,-24.243
2016-8-19,574.34,0.1098,-25.09
2016-8-20,576.08,0.303,-21.1152
2016-8-21,581.94,1.0172,-10.5897
2016-8-22,581.31,-0.1083,-0.4158
2016-8-23,586.77,0.9393,-4.1866
2016-8-24,583.41,-0.5726,-11.1053
2016-8-25,580.18,-0.5536,-11.7566
2016-8-26,577.75,-0.4188,-6.6823
2016-8-27,579.45,0.2942,-10.9563
2016-8-28,569.83,-1.6602,-10.4922
2016-8-29,574.07,0.7441,-9.2001
2016-8-30,574.11,0.007,-14.1776
2016-8-31,577.59,0.6062,-14.1974
2016-9-1,575.55,-0.3532,-18.7236
2016-9-2,572.41,-0.5456,-12.72
2016-9-3,575.55,0.5486,-15.8766
2016-9-4,598.59,4.0031,-10.0015
2016-9-5,608.99,1.7374,-9.4082
2016-9-6,606.51,-0.4072,-4.2999
2016-9-7,610.57,0.6694,-7.6402
2016-9-8,614.64,0.6666,-4.6056
2016-9-9,626.35,1.9052,-2.3745
2016-9-10,622.93,-0.546,-2.8897
2016-9-11,623.42,0.0787,-5.3593
2016-9-12,607.01,-2.6323,-6.2046
2016-9-13,608.03,0.168,-6.9938
2016-9-14,608.84,0.1332,-7.56
2016-9-15,610.59,0.2874,-7.0029
2016-9-16,607.25,-0.547,-10.2418
2016-9-17,607.22,-0.0049,-9.2067
2016-9-18,606.28,-0.1548,-9.3719
2016-9-19,609.87,0.5921,-7.6532
2016-9-20,609.25,-0.1017,-7.7083
2016-9-21,603.59,-0.929,-6.5032
2016-9-22,597.28,-1.0454,-8.2678
2016-9-23,596.2,-0.1808,-9.3412
2016-9-24,602.96,1.1338,-7.1443
2016-9-25,602.75,-0.0348,-6.7817
2016-9-26,600.81,-0.3219,-7.5425
2016-9-27,608.02,1.2,-6.4372
2016-9-28,606.24,-0.2928,-7.02
2016-9-29,605.02,-0.2012,-6.9305
2016-9-30,605.72,0.1157,-2.159
2016-10-1,609.93,0.695,1.4499
2016-10-2,613.95,0.6591,11.6308
2016-10-3,610.97,-0.4854,7.9248
2016-10-4,612.05,0.1768,5.9915
2016-10-5,610.22,-0.299,6.2545
2016-10-6,612.47,0.3687,4.4077
2016-10-7,612.61,0.0229,3.585
2016-10-8,617.34,0.7721,4.6439
2016-10-9,619.17,0.2964,5.5139
2016-10-10,616.82,-0.3795,4.3737
2016-10-11,619.24,0.3923,5.3267
2016-10-12,640.87,3.493,9.0643
2016-10-13,636.03,-0.7552,8.6104
2016-10-14,637.01,0.1541,11.3431
2016-10-15,640.31,0.518,12.4308
2016-10-16,639.08,-0.1921,10.3841
2016-10-17,641.82,0.4287,11.5138
2016-10-18,639.41,-0.3755,11.0285
2016-10-19,638.13,-0.2002,10.5253
2016-10-20,630.66,-1.1706,8.3375
2016-10-21,630.83,0.027,8.4728
2016-10-22,633.14,0.3662,7.8997
2016-10-23,657.62,3.8664,12.3387
2016-10-24,657.16,-0.0699,12.8224
2016-10-25,654,-0.4809,12.7603
2016-10-26,657.68,0.5627,13.0288
2016-10-27,678.21,3.1216,17.8106
2016-10-28,688,1.4435,18.51
2016-10-29,690.29,0.3328,18.8358
2016-10-30,714.12,3.4522,21.6818
2016-10-31,702.64,-1.6076,20.4274
2016-11-1,701.34,-0.185,20.788
2016-11-2,730.07,4.0964,24.3358
2016-11-3,742.35,1.682,22.0147
2016-11-4,689.12,-7.1705,13.1068
2016-11-5,703.53,2.0911,15.6051
2016-11-6,703.81,0.0398,14.9755
2016-11-7,710.74,0.9846,15.2935
2016-11-8,703.09,-1.0763,12.312
2016-11-9,709.83,0.9586,13.8166
2016-11-10,722.84,1.8328,15.5707
2016-11-11,715.55,-1.0085,17.1945
2016-11-12,716.75,0.1677,17.1942
2016-11-13,705.2,-1.6114,15.4496
2016-11-14,702,-0.4538,14.7084
2016-11-15,705.79,0.5399,15.7953
2016-11-16,711.17,0.7623,16.5625
2016-11-17,744.88,4.7401,21.4574
2016-11-18,740.71,-0.5598,20.3055
2016-11-19,751.83,1.5013,21.9085
2016-11-20,751.88,0.0067,22.8442
2016-11-21,731.27,-2.7411,21.1485
2016-11-22,739.64,1.1446,22.4739
2016-11-23,751.74,1.6359,22.976
2016-11-24,744.62,-0.9471,22.0637
2016-11-25,740.44,-0.5614,21.8242
2016-11-26,741.51,0.1445,20.7687
2016-11-27,735.44,-0.8186,20.2429
2016-11-28,732.48,-0.4025,20.0416
2016-11-29,736.33,0.5256,20.4515
2016-11-30,736.28,-0.0068,19.7497
2016-12-1,746.05,1.3269,20.4175
2016-12-2,757.54,1.5401,22.443
2016-12-3,778.25,2.7338,25
2016-12-4,771.64,-0.8493,24.4497
2016-12-5,773.39,0.2268,24.3078
2016-12-6,758.72,-1.8968,22.3881
2016-12-7,764.21,0.7236,22.3396
2016-12-8,768.08,0.5064,22.5496
2016-12-9,769.94,0.2422,23.1713
2016-12-10,773.02,0.4,23.179
2016-12-11,774.75,0.2238,19.9098
2016-12-12,770.04,-0.6079,20.0571
2016-12-13,780.65,1.3779,21.2809
2016-12-14,780.01,-0.082,20.6809
2016-12-15,780.07,0.0077,20.8807
2016-12-16,778.96,-0.1423,20.3097
2016-12-17,785.17,0.7972,21.4824
2016-12-18,791.01,0.7438,22.4264
2016-12-19,790.69,-0.0405,23.5565
2016-12-20,792.25,0.1973,23.7268
2016-12-21,800.64,1.059,24.4196
2016-12-22,834.18,4.1891,24.7423
2016-12-23,864.89,3.6815,28.4937
2016-12-24,922.18,6.624,35.5986
2016-12-25,899.65,-2.4431,32.5928
2016-12-26,896.91,-0.3046,29.1666
2016-12-27,908.35,1.2755,28.9986
2016-12-28,934.83,2.9152,31.581
2016-12-29,975.13,4.3109,32.4397
2016-12-30,972.53,-0.2666,33.7807
2016-12-31,960.63,-1.2236,32.7421
2017-1-1,963.66,0.3154,28.9611
2017-1-2,998.62,3.6278,30.9069
2017-1-3,1021.6,2.3012,40.3786
2017-1-4,1044.4,2.2318,40.5193
2017-1-5,1156.73,10.7555,51.235
2017-1-6,1014.24,-12.3183,37.9321
2017-1-7,903.49,-10.9195,28.0889
2017-1-8,908.17,0.518,27.6483
2017-1-9,913.24,0.5583,26.3738
2017-1-10,902.44,-1.1826,26.1997
2017-1-11,908.11,0.6283,26.6603
2017-1-12,775.18,-14.6381,13.6336
2017-1-13,803.74,3.6843,17.7717
2017-1-14,825.14,2.6626,19.8944
2017-1-15,818.14,-0.8483,18.2838
2017-1-16,821.78,0.4449,13.9886
2017-1-17,830.95,1.1159,15.6643
2017-1-18,909.37,9.4374,23.6004
2017-1-19,888.34,-2.3126,21.2811
2017-1-20,898.17,1.1066,25.1288
2017-1-21,895.55,-0.2917,23.6925
2017-1-22,922.21,2.9769,25.0335
2017-1-23,925.5,0.3568,26.3374
2017-1-24,910.68,-1.6013,25.2975
2017-1-25,891.92,-2.06,23.093
2017-1-26,902.4,1.175,25.0866
2017-1-27,918.36,1.7686,27.2577
2017-1-28,919.81,0.1579,26.89
2017-1-29,922.07,0.2457,27.1425
2017-1-30,920.15,-0.2082,25.6074
2017-1-31,920.96,0.088,24.1553
2017-2-1,970.94,5.4269,26.8484
2017-2-2,990,1.963,29.6607
2017-2-3,1011.46,2.1677,31.6016
2017-2-4,1031.33,1.9645,35.4629
2017-2-5,1043.52,1.182,35.9213
2017-2-6,1028.4,-1.4489,33.966
2017-2-7,1040.14,1.1416,34.8654
2017-2-8,1062.32,2.1324,36.5978
2017-2-9,1064.7,0.224,36.598
2017-2-10,995.63,-6.4873,30.7186
2017-2-11,988.9,-0.676,28.6647
2017-2-12,1003.52,1.4784,30.2251
2017-2-13,998.89,-0.4614,29.756
2017-2-14,991.73,-0.7168,29.1815
2017-2-15,1006.21,1.4601,29.8444
2017-2-16,1007.65,0.1431,29.2437
2017-2-17,1026.12,1.833,31.1172
2017-2-18,1049.21,2.2502,33.1701
2017-2-19,1054.76,0.529,32.6401
2017-2-20,1048.69,-0.5755,27.8755
2017-2-21,1079.28,2.917,27.111
2017-2-22,1114.8,3.2911,23.7781
2017-2-23,1117.27,0.2216,26.4428
2017-2-24,1172.71,4.9621,31.7095
2017-2-25,1170.41,-0.1961,30.2379
2017-2-26,1144.27,-2.2334,25.0893
2017-2-27,1163.78,1.705,22.4834
2017-2-28,1180.72,1.4556,24.2056
2017-3-1,1180.04,-0.0576,25.3716
2017-3-2,1224.68,3.7829,28.8391
2017-3-3,1250.71,2.1255,27.3368
2017-3-4,1277.43,2.1364,27.172
2017-3-5,1254.29,-1.8114,23.1288
2017-3-6,1267.47,1.0508,13.4241
2017-3-7,1273.21,0.4529,26.1953
2017-3-8,1223.23,-3.9255,33.1893
2017-3-9,1150.35,-5.958,26.7133
2017-3-10,1189.36,3.3911,29.5461
2017-3-11,1116.32,-6.1411,24.5876
2017-3-12,1176.62,5.4017,29.361
2017-3-13,1221.78,3.8381,47.8372
2017-3-14,1232.16,0.8496,45.0025
2017-3-15,1240.16,0.6493,42.9892
2017-3-16,1251.33,0.9007,44.7382
2017-3-17,1180.16,-5.6875,38.6058
2017-3-18,1099.69,-6.8186,30.6713
2017-3-19,976.73,-11.1813,10.0526
2017-3-20,1037.24,6.1952,18.5604
2017-3-21,1055.36,1.7469,19.2007
2017-3-22,1120.65,6.1865,25.6789
2017-3-23,1050.05,-6.2999,16.4021
2017-3-24,1038.45,-1.1047,14.9406
2017-3-25,936.54,-9.8137,6.7282
2017-3-26,974.02,4.002,12.7902
2017-3-27,972.05,-0.2023,11.4129
2017-3-28,1044.58,7.4616,17.1059
2017-3-29,1046.08,0.1436,17.0916
2017-3-30,1042.21,-0.37,16.4759
2017-3-31,1026.64,-1.4939,15.1902
2017-4-1,1071.71,4.39,19.4922
2017-4-2,1080.61,0.8304,14.8957
2017-4-3,1102.95,2.0674,15.0001
2017-4-4,1145.52,3.8596,16.692
2017-4-5,1134.14,-0.9934,13.7341
2017-4-6,1125.81,-0.7345,11.8176
2017-4-7,1178.94,4.7193,17.9858
2017-4-8,1172.65,-0.5335,16.3107
2017-4-9,1176.57,0.3343,14.5126
2017-4-10,1187.3,0.912,15.2006
2017-4-11,1187.46,0.0135,21.7014
2017-4-12,1204.81,1.4611,23.8385
2017-4-13,1201.02,-0.3146,22.0455
2017-4-14,1170.33,-2.5553,19.9516
2017-4-15,1167.3,-0.2589,20.4095
2017-4-16,1172.61,0.4549,19.4043
2017-4-17,1183.25,0.9074,20.1686
2017-4-18,1193.77,0.8891,19.2247
2017-4-19,1212.13,1.538,18.5125
2017-4-20,1211.08,-0.0866,17.8969
2017-4-21,1229.42,1.5144,19.9868
2017-4-22,1222.71,-0.5458,16.524
2017-4-23,1231.92,0.7532,13.9861
2017-4-24,1209.63,-1.8094,11.9551
2017-4-25,1250.45,3.3746,10.3676
2017-4-26,1265.99,1.2428,11.8065
2017-4-27,1281.88,1.2551,15.295
2017-4-28,1317.74,2.7975,16.3875
2017-4-29,1317.84,0.0076,14.9395
2017-4-30,1321.87,0.3058,15.3029
2017-5-1,1348.3,1.9994,13.5194
2017-5-2,1421.03,5.3942,16.7881
2017-5-3,1453.78,2.3047,16.9564
2017-5-4,1490.72,2.541,21.3088
2017-5-5,1540.87,3.3641,23.6221
2017-5-6,1556.81,1.0345,24.2037
2017-5-7,1579.47,1.4555,29.5847
2017-5-8,1596.92,1.1048,36.6475
2017-5-9,1723.89,7.9509,41.2073
2017-5-10,1756.52,1.8928,49.2412
2017-5-11,1780.37,1.3578,45.1973
2017-5-12,1845.76,3.6728,45.032
2017-5-13,1723.12,-6.6444,37.538
2017-5-14,1800.86,4.5116,41.4003
2017-5-15,1808.44,0.4209,40.9205
2017-5-16,1741.7,-3.6905,42.9175
2017-5-17,1726.73,-0.8595,48.8766
2017-5-18,1818.7,5.3263,65.3842
2017-5-19,1897.37,4.3256,63.5146
2017-5-20,1984.24,4.5784,66.3461
2017-5-21,2067.03,4.1724,64.332
2017-5-22,2043.19,-1.1533,69.4786
2017-5-23,2191.56,7.2617,77.845
2017-5-24,2321.37,5.9232,93.5819
2017-5-25,2446.24,5.3792,94.9591
2017-5-26,2320.89,-5.1242,90.0372
2017-5-27,2196.27,-5.3695,77.2061
2017-5-28,2054.08,-6.4742,70.5883
2017-5-29,2159.43,5.1288,76.0871
2017-5-30,2255.36,4.4424,82.0234
2017-5-31,2187.19,-3.0226,74.6108
2017-6-1,2288.33,4.6242,78.4046
2017-6-2,2404.03,5.0561,81.3933
2017-6-3,2493.72,3.7308,81.2645
2017-6-4,2547.79,2.1682,84.4261
2017-6-5,2512.4,-1.389,83.7716
2017-6-6,2690.84,7.1024,86.1547
2017-6-7,2869.38,6.6351,93.3233
2017-6-8,2720.49,-5.1889,87.8001
2017-6-9,2807.44,3.1961,90.0842
2017-6-10,2828.14,0.7373,90.808
2017-6-11,2942.41,4.0405,93.3874
2017-6-12,2953.22,0.3674,94.0694
2017-6-13,2680.91,-9.2208,87.4039
2017-6-14,2716.88,1.3417,89.0045
2017-6-15,2499.58,-7.9981,80.5515
2017-6-16,2469.57,-1.2006,78.4435
2017-6-17,2514.01,1.7995,79.3539
2017-6-18,2655.35,5.6221,83.438
2017-6-19,2549.03,-4.004,79.5206
2017-6-20,2591.26,1.6567,79.6629
2017-6-21,2709.43,4.5603,84.769
2017-6-22,2691.03,-0.6791,83.3367
2017-6-23,2707.34,0.6061,85.7522
2017-6-24,2738.52,1.1517,83.5293
2017-6-25,2607.25,-4.7935,77.493
2017-6-26,2590.57,-0.6398,75.5981
2017-6-27,2478.45,-4.328,68.4726
2017-6-28,2553.03,3.0091,71.4741
2017-6-29,2567.56,0.5691,71.7374
2017-6-30,2539.24,-1.103,68.635
2017-7-1,2492.6,-1.8368,61.404
2017-7-2,2436.4,-2.2547,56.8446
2017-7-3,2498.56,2.5513,56.8549
2017-7-4,2561,2.499,55.9898
2017-7-5,2602.87,1.6349,56.5902
2017-7-6,2608.1,0.2009,55.3356
2017-7-7,2608.59,0.0188,54.2496
2017-7-8,2520.27,-3.3857,42.913
2017-7-9,2572.61,2.0768,43.097
2017-7-10,2525.25,-1.8409,39.8983
2017-7-11,2385.89,-5.5187,30.7068
2017-7-12,2332.77,-2.2264,35.1248
2017-7-13,2402.7,2.9977,33.6109
2017-7-14,2360.59,-1.7526,31.4374
2017-7-15,2230.12,-5.527,29.6009
2017-7-16,1991.98,-10.6783,19.7821
2017-7-17,1932.62,-2.9799,11.4759
2017-7-18,2233.52,15.5695,22.7198
2017-7-19,2323.08,4.0098,22.1512
2017-7-20,2269.89,-2.2896,15.6892
2017-7-21,2838.41,25.0461,41.8886
2017-7-22,2668.63,-5.9815,28.6454
2017-7-23,2808.1,5.2263,27.9485
2017-7-24,2732.7,-2.6851,19.8842
2017-7-25,2757.5,0.9075,25.9159
2017-7-26,2577.77,-6.5179,24.7675
2017-7-27,2538.71,-1.5153,29.7264
2017-7-28,2679.73,5.5548,30.1524
2017-7-29,2807.02,4.7501,30.4601
2017-7-30,2724.39,-2.9437,30.539
2017-7-31,2763.24,1.426,27.3408
2017-8-1,2871.3,3.9106,26.1953
2017-8-2,2727.13,-5.0211,17.4434
2017-8-3,2709.56,-0.6443,14.6309
2017-8-4,2806.93,3.5936,19.6135
2017-8-5,2897.63,3.2313,15.7424
2017-8-6,3257.61,12.4233,21.5306
2017-8-7,3212.78,-1.3762,25.3433
2017-8-8,3370.22,4.9004,27.0476
2017-8-9,3420.4,1.4889,27.7992
2017-8-10,3341.84,-2.2968,21.4619
2017-8-11,3373.82,0.957,22.0515
2017-8-12,3650.63,8.2046,39.4769
2017-8-13,3880.04,6.2841,44.4193
2017-8-14,4066.1,4.7953,57.2127
2017-8-15,4326.99,6.4162,64.8295
2017-8-16,4200.34,-2.927,60.103
2017-8-17,4384.44,4.383,58.8639
2017-8-18,4324.34,-1.3708,61.4971
2017-8-19,4137.75,-4.3149,55.5255
2017-8-20,4189.31,1.2461,52.2113
2017-8-21,4090.48,-2.3591,50.5313
2017-8-22,3998.35,-2.2523,47.6729
2017-8-23,4089.01,2.2674,48.7886
2017-8-24,4137.6,1.1883,54.7704
2017-8-25,4332.82,4.7182,60.1284
2017-8-26,4372.06,0.9056,65.362
2017-8-27,4345.1,-0.6166,61.7363
2017-8-28,4384.45,0.9056,62.0728
2017-8-29,4389.21,0.1086,63.2844
2017-8-30,4570.36,4.1272,69.2484
2017-8-31,4555.59,-0.3232,71.1799
2017-9-1,4701.76,3.2086,71.8372
2017-9-2,4901.42,4.2465,73.5847
2017-9-3,4585.27,-6.4502,65.4996
2017-9-4,4591.63,0.1387,65.4374
2017-9-5,4228.29,-7.9131,57.5055
2017-9-6,4376.59,3.5073,64.3985
2017-9-7,4589.14,4.8565,67.1782
2017-9-8,4605.16,0.3491,69.3682
2017-9-9,4229.81,-8.1506,66.7363
2017-9-10,4229.34,-0.0111,68.9516
2017-9-11,4122.47,-2.5269,63.427
2017-9-12,4168.88,1.1258,66.3054
2017-9-13,4131.98,-0.8851,70.9473
2017-9-14,3875.37,-6.2103,75.4153
2017-9-15,3166.3,-18.2968,60.0984
2017-9-16,3637.75,14.8896,59.4185
2017-9-17,3606.28,-0.8651,54.5436
2017-9-18,3591.09,-0.4212,56.412
2017-9-19,4073.79,13.4416,44.8075
2017-9-20,3916.36,-3.8645,46.9245
2017-9-21,3901.47,-0.3802,41.318
2017-9-22,3628.02,-7.0089,36.9942
2017-9-23,3629.92,0.0524,36.1391
2017-9-24,3796.15,4.5794,47.2364
2017-9-25,3681.58,-3.0181,45.7336
2017-9-26,3928.41,6.7045,46.8833
2017-9-27,3892.94,-0.9029,41.2303
2017-9-28,4197.13,7.8139,51.9879
2017-9-29,4171.62,-0.6078,49.9541
2017-9-30,4166.11,-0.1321,45.9114
2017-10-1,4341.05,4.1991,55.1316
2017-10-2,4395.81,1.2614,57.0373
2017-10-3,4408.46,0.2878,53.7315
2017-10-4,4319.37,-2.0209,48.4793
2017-10-5,4229.88,-2.0718,33.9842
2017-10-6,4324.46,2.236,37.5964
2017-10-7,4369.35,1.038,33.734
2017-10-8,4429.67,1.3805,33.6256
2017-10-9,4614.52,4.173,40.0954
2017-10-10,4776.21,3.5039,42.6423
2017-10-11,4789.25,0.273,34.7107
2017-10-12,4829.58,0.8421,29.2687
2017-10-13,5464.16,13.1394,37.6128
2017-10-14,5643.53,3.2827,34.4793
2017-10-15,5835.96,3.4097,40.816
2017-10-16,5687.57,-2.5427,33.8903
2017-10-17,5741.58,0.9496,36.2107
2017-10-18,5603.82,-2.3993,38.1263
2017-10-19,5583.74,-0.3583,36.5219
2017-10-20,5708.11,2.2274,41.1084
2017-10-21,5996.79,5.0574,48.4181
2017-10-22,6036.66,0.6649,46.8156
2017-10-23,6006,-0.5079,45.1194
2017-10-24,5935.52,-1.1735,39.2277
2017-10-25,5524.6,-6.9231,31.399
2017-10-26,5747.95,4.0428,36.0584
2017-10-27,5899.74,2.6408,37.7936
2017-10-28,5787.82,-1.897,35.788
2017-10-29,5754.44,-0.5767,31.0841
2017-10-30,6114.85,6.2632,37.6705
2017-10-31,6132.02,0.2808,34.7427
2017-11-1,6440.97,5.0383,35.5345
2017-11-2,6777.77,5.229,47.2137
2017-11-3,7087.53,4.5702,51.6452
2017-11-4,7164.48,1.0857,60.644
2017-11-5,7404.52,3.3504,60.4871
2017-11-6,7403.22,-0.0176,55.613
2017-11-7,7023.1,-5.1345,50.1294
2017-11-8,7141.38,1.6842,59.9642
2017-11-9,7446.83,4.2772,64.2525
2017-11-10,7173.73,-3.6673,63.1121
2017-11-11,6618.61,-7.7382,54.2481
2017-11-12,6295.45,-4.8826,50.2506
2017-11-13,5938.25,-5.6739,50.787
2017-11-14,6561.48,10.4952,79.579
2017-11-15,6634.76,1.1168,65.8062
2017-11-16,7323.24,10.3769,77.0482
2017-11-17,7853.57,7.2417,84.7111
2017-11-18,7697.21,-1.9909,69.2786
2017-11-19,7766.03,0.8941,74.0372
2017-11-20,8039.07,3.5158,77.9332
2017-11-21,8205.74,2.0732,87.0153
2017-11-22,8077.95,-1.5573,85.4056
2017-11-23,8232.38,1.9117,82.7379
2017-11-24,8074.02,-1.9236,83.8324
2017-11-25,8241.71,2.0769,79.2048
2017-11-26,8789.04,6.641,86.7487
2017-11-27,9352.72,6.4134,85.3482
2017-11-28,9823.43,5.0329,90.9889
2017-11-29,10077.4,2.5853,93.7063
2017-11-30,9906.79,-1.693,87.8142
2017-12-1,10198.6,2.9456,89.4984
2017-12-2,10978.3,7.6452,96.8558
2017-12-3,11082.7,0.951,99.8277
2017-12-4,11315.4,2.0997,103.9992
2017-12-5,11685.7,3.2725,105.0357
2017-12-6,11923.4,2.0341,106.0318
2017-12-7,14266.1,19.6479,124.2992
2017-12-8,17802.9,24.7916,144.9178
2017-12-9,16523.3,-7.1876,134.2263
2017-12-10,15168.4,-8.1999,125.7534
2017-12-11,15427.4,1.7075,126.6188
2017-12-12,16919.8,9.6737,123.1531
2017-12-13,17500,3.4291,123.2995
2017-12-14,16384.6,-6.3737,113.5161
2017-12-15,16601.3,1.3226,117.3814
2017-12-16,17760.3,6.9814,123.4132
2017-12-17,19475.8,9.6592,135.4717
2017-12-18,19106.4,-1.8967,133.9333
2017-12-19,19118.3,0.0623,131.7682
2017-12-20,17760.3,-7.1031,119.6077
2017-12-21,16642.4,-6.2944,112.6484
2017-12-22,15898,-4.4729,108.6834
2017-12-23,13948.7,-12.2613,97.5956
2017-12-24,14608.2,4.728,109.2467
2017-12-25,13995.9,-4.1915,101.0124
2017-12-26,14036.6,0.2908,98.6624
2017-12-27,16163.5,15.1525,115.7119
2017-12-28,15864.1,-1.8523,114.4363
2017-12-29,14695.8,-7.3644,100.8087
2017-12-30,14681.9,-0.0946,100.4333
2017-12-31,12897.7,-12.1524,83.2426
2018-1-1,14112.2,9.4164,87.43
2018-1-2,13625,-3.4523,79.4075
2018-1-3,14978.2,9.9317,88.2535
2018-1-4,15270.7,1.9528,86.8559
2018-1-5,15477.2,1.3523,88.2258
2018-1-6,17462.1,12.8247,106.185
2018-1-7,17527.3,0.3734,104.8742
2018-1-8,16476.2,-5.9969,94.6001
2018-1-9,15123.7,-8.2088,90.0586
2018-1-10,14588.5,-3.5388,94.258
2018-1-11,14968.2,2.6027,101.7433
2018-1-12,13453.9,-10.1168,97.3004
2018-1-13,13952.4,3.7052,90.5104
2018-1-14,14370.8,2.9988,92.3924
2018-1-15,13767.3,-4.1995,77.816
2018-1-16,13836.1,0.4997,71.074
2018-1-17,11431.1,-17.3821,55.6828
2018-1-18,11198.8,-2.0322,52.7565
2018-1-19,11429.8,2.0627,51.3034
2018-1-20,11656.2,1.9808,51.211
2018-1-21,12889.2,10.5781,63.3464
2018-1-22,11633.1,-9.7454,51.6893
2018-1-23,10944.5,-5.9193,47.6936
2018-1-24,10903.4,-0.3755,45.2412
2018-1-25,11421.7,4.7536,43.3538
2018-1-26,11256,-1.4507,35.4897
2018-1-27,11174.9,-0.7205,29.7363
2018-1-28,11475.3,2.6882,29.8392
2018-1-29,11755.5,2.4418,33.974
2018-1-30,11306.8,-3.8169,27.2115
2018-1-31,10108.2,-10.6007,8.9656
2018-2-1,10237.3,1.2772,9.2918
2018-2-2,9142.28,-10.6964,-3.5043
2018-2-3,8852.12,-3.1738,-9.9506
2018-2-4,9175.7,3.6554,-8.3293
2018-2-5,8270.54,-9.8648,-37.842
2018-2-6,7051.75,-14.7365,-77.3701
2018-2-7,7755.49,9.9797,-60.2028
2018-2-8,7637.86,-1.5167,-53.5196
2018-2-9,8271.84,8.3005,-46.9266
2018-2-10,8720.08,5.4189,-51.1814
2018-2-11,8616.13,-1.1921,-55.8026
2018-2-12,8141.43,-5.5094,-54.9383
2018-2-13,8926.72,9.6456,-46.6153
2018-2-14,8599.92,-3.6609,-57.2576
2018-2-15,9488.32,10.3303,-56.5865
2018-2-16,10135.7,6.8229,-47.8669
2018-2-17,10207.5,0.7084,-47.2208
2018-2-18,11123.4,8.9728,-31.1449
2018-2-19,10552.6,-5.1315,-29.982
2018-2-20,11231.8,6.4363,-19.0728
2018-2-21,11372.2,1.25,-5.5615
2018-2-22,10660.4,-6.2591,-16.5486
2018-2-23,9937.07,-6.7852,-19.1423
2018-2-24,10287.7,3.5285,-15.9046
2018-2-25,9796.42,-4.7754,-35.8325
2018-2-26,9669.43,-1.2963,-35.2765
2018-2-27,10393.9,7.4924,-20.4197
2018-2-28,10687.2,2.8218,-17.5033
2018-3-1,10385,-2.8277,-8.1786
2018-3-2,10977.4,5.7044,-11.8906
2018-3-3,11101.9,1.1341,-7.3042
2018-3-4,11497.4,3.5625,-13.6734
2018-3-5,11532.4,0.3044,-15.3218
2018-3-6,11500.1,-0.2801,-16.9542
2018-3-7,10803.9,-6.0539,-35.8328
2018-3-8,9951.44,-7.8903,-44.0965
2018-3-9,9414.69,-5.3937,-43.4933
2018-3-10,9350.59,-0.6809,-35.9654
2018-3-11,8852.78,-5.3238,-37.7504
2018-3-12,9602.93,8.4736,-31.8795
2018-3-13,9173.04,-4.4767,-26.2394
2018-3-14,9214.65,0.4536,-29.491
2018-3-15,8290.76,-10.0263,-42.5161
2018-3-16,8322.91,0.3878,-37.9288
2018-3-17,8321.91,-0.012,-38.4405
2018-3-18,7890.52,-5.1838,-26.2422
2018-3-19,8344.12,5.7487,-18.4613
2018-3-20,8619.67,3.3023,-17.2217
2018-3-21,8937.48,3.687,-15.5155
2018-3-22,8939.44,0.0219,-26.0717
2018-3-23,8736.25,-2.273,-18.5993
2018-3-24,8901.95,1.8967,-10.7833
2018-3-25,8612.81,-3.2481,-13.6559
2018-3-26,8498.47,-1.3276,-19.7371
2018-3-27,8200,-3.512,-21.7984
2018-3-28,7836.83,-4.4289,-25.5068
2018-3-29,7979.07,1.815,-26.38
2018-3-30,7171.45,-10.1217,-38.9435
2018-3-31,6892.48,-3.89,-39.0166
2018-4-1,7003.06,1.6044,-26.8115
2018-4-2,6844.86,-2.259,-30.3477
2018-4-3,7102.26,3.7605,-15.8908
2018-4-4,7456.41,4.9864,-7.7306
2018-4-5,6848.65,-8.1508,-19.5368
2018-4-6,6815.96,-0.4773,-10.1493
2018-4-7,6630.51,-2.7208,1.8664
2018-4-8,6919.98,4.3657,-3.7476
2018-4-9,7044.32,1.7968,-0.4341
2018-4-10,6795.44,-3.5331,-12.2677
2018-4-11,6843.47,0.7068,-16.9798
2018-4-12,6955.38,1.6353,-14.1524
2018-4-13,7901.09,13.5968,4.9538
2018-4-14,7874.67,-0.3344,-5.0262
2018-4-15,7999.33,1.5831,0.2178
2018-4-16,8337.57,4.2284,-5.8841
2018-4-17,8071.66,-3.1893,-15.8963
2018-4-18,7944.43,-1.5763,-18.181
2018-4-19,8159.27,2.7043,-24.4495
2018-4-20,8286.88,1.564,-17.754
2018-4-21,8848.79,6.7807,-17.4096
2018-4-22,8925.06,0.8619,-17.7977
2018-4-23,8794.39,-1.4641,-13.0027
2018-4-24,8934.34,1.5914,-4.6261
2018-4-25,9701.03,8.5814,0.4268
2018-4-26,8867.32,-8.594,-3.3918
2018-4-27,9290.63,4.7738,2.6783
2018-4-28,8939.27,-3.7819,-8.596
2018-4-29,9346.41,4.5545,-6.8633
2018-4-30,9426.11,0.8527,-3.1829
2018-5-1,9251.47,-1.8527,-10.74
2018-5-2,9104.6,-1.5875,-13.4616
2018-5-3,9233.97,1.4209,-15.6032
2018-5-4,9695.5,4.9982,-10.9094
2018-5-5,9700.28,0.0493,-10.58
2018-5-6,9845.31,1.4951,-3.031
2018-5-7,9645.67,-2.0278,2.8315
2018-5-8,9380.87,-2.7453,5.4799
2018-5-9,9223.73,-1.6751,4.4857
2018-5-10,9325.96,1.1083,10.9178
2018-5-11,9052.96,-2.9273,-0.4831
2018-5-12,8441.44,-6.7549,-2.7613
2018-5-13,8515.49,0.8772,-2.3377
2018-5-14,8713.1,2.3206,10.0092
2018-5-15,8705.19,-0.0908,9.5306
2018-5-16,8504.41,-2.3064,7.2362
2018-5-17,8370.05,-1.5799,10.8401
2018-5-18,8091.83,-3.324,1.7674
2018-5-19,8255.73,2.0255,0.4906
2018-5-20,8246.99,-0.1059,-3.3023
2018-5-21,8522.33,3.3387,0.0145
2018-5-22,8419.87,-1.2023,1.0852
2018-5-23,8037.08,-4.5463,-5.3578
2018-5-24,7561.12,-5.9221,-8.0318
2018-5-25,7592.3,0.4124,-6.2918
2018-5-26,7486.48,-1.3938,-4.1736
2018-5-27,7362.08,-1.6617,-1.4064
2018-5-28,7371.31,0.1254,-3.096
2018-5-29,7129.46,-3.281,3.7447
2018-5-30,7469.73,4.7727,12.4074
2018-5-31,7406.15,-0.8512,9.9518
2018-6-1,7500.7,1.2766,13.4874
2018-6-2,7536.72,0.4802,10.2071
2018-6-3,7632.09,1.2654,6.4861
2018-6-4,7722.53,1.185,15.8219
2018-6-5,7500.9,-2.8699,13.4293
2018-6-6,7625.97,1.6674,17.8175
2018-6-7,7650.82,0.3259,13.7777
2018-6-8,7685.14,0.4486,12.4295
2018-6-9,7632.52,-0.6847,15.2779
2018-6-10,7499.55,-1.7422,12.8289
2018-6-11,6799.29,-9.3374,1.8562
2018-6-12,6905.82,1.5668,-10.1738
2018-6-13,6596.88,-4.4736,-14.313
2018-6-14,6342.75,-3.8523,-19.7484
2018-6-15,6674.08,5.2238,-18.753
2018-6-16,6455.45,-3.2758,-18.8395
2018-6-17,6545.53,1.3954,-15.8678
2018-6-18,6510.07,-0.5417,-19.1138
2018-6-19,6742.39,3.5686,-17.1092
2018-6-20,6770.76,0.4208,-23.4691
2018-6-21,6780.09,0.1378,-24.1932
2018-6-22,6737.88,-0.6226,-23.3517
2018-6-23,6090.1,-9.614,-34.5571
2018-6-24,6164.28,1.218,-41.9205
2018-6-25,6171.97,0.1248,-33.2017
2018-6-26,6253.55,1.3218,-36.6537
2018-6-27,6084.4,-2.7049,-35.5767
2018-6-28,6153.16,1.1301,-39.0011
2018-6-29,5898.13,-4.1447,-43.9985
2018-6-30,6214.22,5.3592,-36.7866
2018-7-1,6411.68,3.1776,-32.0215
2018-7-2,6380.38,-0.4882,-33.9306
2018-7-3,6596.66,3.3898,-35.539
2018-7-4,6550.87,-0.6941,-36.2824
2018-7-5,6599.71,0.7455,-37.032
2018-7-6,6638.69,0.5906,-34.4136
2018-7-7,6668.71,0.4522,-31.2161
2018-7-8,6857.8,2.8355,-26.7055
2018-7-9,6775.08,-1.2062,-29.02
2018-7-10,6739.21,-0.5294,-26.6221
2018-7-11,6330.77,-6.0607,-25.9279
2018-7-12,6396.78,1.0427,-25.7624
2018-7-13,6235.03,-2.5286,-30.6116
2018-7-14,6247.5,0.2,-30.3208
2018-7-15,6272.7,0.4034,-27.611
2018-7-16,6357.01,1.3441,-24.687
2018-7-17,6739.65,6.0192,-15.3438
2018-7-18,7315.32,8.5415,-8.8278
2018-7-19,7378.2,0.8596,-7.8623
2018-7-20,7467.4,1.209,-9.992
2018-7-21,7352.72,-1.5357,-10.3254
2018-7-22,7417.8,0.8851,-4.894
2018-7-23,7414.71,-0.0417,0.9864
2018-7-24,7716.51,4.0703,4.6443
2018-7-25,8379.66,8.5939,14.632
2018-7-26,8176.85,-2.4203,13.8734
2018-7-27,7950.4,-2.7694,10.9786
2018-7-28,8169.06,2.7503,17.0099
2018-7-29,8205.82,0.45,12.6872
2018-7-30,8221.58,0.1921,13.7305
2018-7-31,8181.2,-0.4911,11.9628
2018-8-1,7769.04,-5.0379,6.4447
2018-8-2,7634.19,-1.7357,3.4436
2018-8-3,7562.14,-0.9438,1.3148
2018-8-4,7438.67,-1.6327,2.552
2018-8-5,7031.08,-5.4793,-4.5947
2018-8-6,7062.94,0.4531,-4.4675
2018-8-7,6958.32,-1.4813,-6.3974
2018-8-8,6746.85,-3.0391,-8.7518
2018-8-9,6305.56,-6.5407,-13.5503
2018-8-10,6571.42,4.2163,0.0034
2018-8-11,6185.79,-5.8683,-7.4317
2018-8-12,6283.65,1.582,-1.3761
2018-8-13,6341.36,0.9184,3.3946
2018-8-14,6287.66,-0.8468,-2.676
2018-8-15,6221.42,-1.0535,-0.4537
2018-8-16,6294.23,1.1703,-0.6788
2018-8-17,6340.91,0.7416,0.6045
2018-8-18,6583.43,3.8247,0.8606
2018-8-19,6422.57,-2.4434,-2.0036
2018-8-20,6500.51,1.2135,-0.9279
2018-8-21,6301.07,-3.0681,-3.3734
2018-8-22,6486.25,2.9389,9.1795
2018-8-23,6371.34,-1.7716,6.1899
2018-8-24,6551.52,2.828,8.8931
2018-8-25,6719.95,2.5709,10.1422
2018-8-26,6754.64,0.5162,13.3633
2018-8-27,6710.8,-0.649,11.5842
2018-8-28,6891.08,2.6864,18.4153
2018-8-29,7091.71,2.9114,15.9675
2018-8-30,7043.76,-0.6761,12.1138
2018-8-31,6973.97,-0.9908,11.6112
2018-9-1,7044.81,1.0158,9.2372
2018-9-2,7189.58,2.055,11.9863
2018-9-3,7279.03,1.2442,12.485
2018-9-4,7263,-0.2202,11.6742
2018-9-5,7361.46,1.3556,12.5776
2018-9-6,6755.14,-8.2364,1.5057
2018-9-7,6528.92,-3.3489,-0.637
2018-9-8,6460.17,-1.053,-1.1606
2018-9-9,6223.38,-3.6654,1.2347
2018-9-10,6301.57,1.2564,1.4484
2018-9-11,6331.88,0.481,4.458
2018-9-12,6317.01,-0.2348,4.0232
2018-9-13,6354.24,0.5894,4.2092
2018-9-14,6515.41,2.5364,5.4015
2018-9-15,6509.4,-0.0922,-0.7099
2018-9-16,6536.68,0.4191,-8.8323
2018-9-17,6514.06,-0.346,-10.0379
2018-9-18,6280.91,-3.5792,-14.8261
2018-9-19,6371.85,1.4479,-11.8425
2018-9-20,6398.85,0.4237,-12.3039
2018-9-21,6513.87,1.7975,-10.4647
2018-9-22,6735.05,3.3955,-11.1395
2018-9-23,6715.32,-0.2929,-20.0263
2018-9-24,6704.77,-0.1571,-17.7631
2018-9-25,6603.64,-1.5083,-16.502
2018-9-26,6452.79,-2.2843,-21.5366
2018-9-27,6495.29,0.6586,-21.328
2018-9-28,6678.75,2.8245,-18.6956
2018-9-29,6643.1,-0.5338,-18.7383
2018-9-30,6604.71,-0.5779,-14.2783
2018-10-1,6619.85,0.2292,-12.3134
2018-10-2,6593.24,-0.402,-11.7716
2018-10-3,6553.86,-0.5973,-10.7362
2018-10-4,6497.91,-0.8537,-6.1106
2018-10-5,6574.15,1.1733,-5.3904
2018-10-6,6622.45,0.7347,-3.1744
2018-10-7,6590.68,-0.4797,-0.615
2018-10-8,6600.19,0.1443,6.07
2018-10-9,6653.08,0.8013,2.655
2018-10-10,6640.29,-0.1922,8.3311
2018-10-11,6586.74,-0.8064,5.9427
2018-10-12,6239.25,-5.2756,-0.2513
2018-10-13,6278.08,0.6224,1.2179
2018-10-14,6288.49,0.1658,2.4372
2018-10-15,6292.64,0.066,1.3329
2018-10-16,6601.41,4.9068,5.4981
2018-10-17,6590.52,-0.165,1.5084
2018-10-18,6542.33,-0.7312,3.2206
2018-10-19,6478.07,-0.9822,1.0249
2018-10-20,6460.92,-0.2647,3.8283
2018-10-21,6490.09,0.4515,1.3409
2018-10-22,6486.05,-0.0622,3.0503
2018-10-23,6472.36,-0.2111,0.0112
2018-10-24,6478.89,0.1009,-2.4588
2018-10-25,6484.65,0.0889,-2.8861
2018-10-26,6468.44,-0.25,-2.4871
2018-10-27,6480.84,0.1917,-4.9818
2018-10-28,6482.66,0.0281,-7.8651
2018-10-29,6492.35,0.1495,-7.0395
2018-10-30,6337.04,-2.3922,-8.4409
2018-10-31,6336.99,-0.0008,-9.4575
2018-11-1,6318.14,-0.2975,-11.81
2018-11-2,6378.92,0.962,-12.0922
2018-11-3,6387.24,0.1304,-11.7416
2018-11-4,6365.47,-0.3408,-13.438
2018-11-5,6363.62,-0.0291,-5.2307
2018-11-6,6433.38,1.0962,-0.7856
2018-11-7,6468.5,0.5459,0.8133
2018-11-8,6522.27,0.8313,5.31
2018-11-9,6442.6,-1.2215,2.8321
2018-11-10,6386.13,-0.8765,1.4746
2018-11-11,6413.63,0.4306,2.14
2018-11-12,6411.76,-0.0292,1.5214
2018-11-13,6373.19,-0.6016,-1.6166
2018-11-14,6351.24,-0.3444,-1.8688
2018-11-15,5736.15,-9.6846,-11.9725
2018-11-16,5645.32,-1.5835,-13.21
2018-11-17,5578.58,-1.1822,-10.813
2018-11-18,5559.74,-0.3377,-12.5986
2018-11-19,5620.78,1.0979,-11.9244
2018-11-20,4863.93,-13.4652,-27.1871
2018-11-21,4465.54,-8.1907,-38.7733
2018-11-22,4611.57,3.2702,-35.2102
2018-11-23,4360.7,-5.44,-40.4931
2018-11-24,4347.69,-0.2983,-39.2831
2018-11-25,3880.78,-10.7393,-47.7381
2018-11-26,4015.07,3.4604,-44.9363
2018-11-27,3765.95,-6.2046,-53.9654
2018-11-28,3822.47,1.5008,-51.9308
2018-11-29,4269,11.6817,-39.6712
2018-11-30,4289.09,0.4706,-39.4298
2018-12-1,4024.46,-6.1698,-45.1976
2018-12-2,4200.73,4.38,-40.2203
2018-12-3,4147.32,-1.2714,-40.638
2018-12-4,3886.29,-6.2939,-48.1052
2018-12-5,3958.89,1.8681,-46.9718
2018-12-6,3754.07,-5.1737,-51.6658
2018-12-7,3512.59,-6.4325,-58.2426
2018-12-8,3421.91,-2.5816,-61.6255
2018-12-9,3473.23,1.4997,-59.9336
2018-12-10,3612.05,3.9969,-55.1303
2018-12-11,3497.55,-3.1699,-53.0246
2018-12-12,3421.46,-2.1755,-55.8225
2018-12-13,3487.88,1.9413,-54.047
2018-12-14,3311.75,-5.0498,-59.1628
2018-12-15,3244,-2.0457,-66.1153
2018-12-16,3236.27,-0.2383,-66.1886
2018-12-17,3253.12,0.5207,-64.9367
2018-12-18,3544.76,8.9649,-54.9896
2018-12-19,3706.82,4.5718,-50.1531
2018-12-20,3742.2,0.9545,-49.6501
2018-12-21,4133.7,10.4618,-39.1261
2018-12-22,3898.08,-5.7,-44.615
2018-12-23,4020.99,3.1531,-41.5628
2018-12-24,4000.33,-0.5138,-42.1655
2018-12-25,4081.03,2.0173,-39.8982
2018-12-26,3819.67,-6.4043,-46.4942
2018-12-27,3854.69,0.9168,-45.6055
2018-12-28,3653.13,-5.229,-50.984
2018-12-29,3932.49,7.6471,-40.9447
2018-12-30,3822.38,-2.8,-43.7439
2018-12-31,3866.84,1.1631,-42.2833
2019-1-1,3746.71,-3.1067,-46.352
2019-1-2,3849.22,2.736,-43.7464
2019-1-3,3931.05,2.1259,-41.2797
2019-1-4,3832.04,-2.5187,-43.7693
2019-1-5,3851.97,0.5201,-44.3454
2019-1-6,3836.52,-0.4011,-45.2924
2019-1-7,4078.59,6.3096,-39.8141
2019-1-8,4028.47,-1.2289,-39.8215
2019-1-9,4031.55,0.0765,-38.8685
2019-1-10,4034.41,0.0709,-39.2282
2019-1-11,3674.02,-8.9329,-48.1319
2019-1-12,3686.97,0.3525,-47.1778
2019-1-13,3658.87,-0.7621,-47.5955
2019-1-14,3557.31,-2.7757,-40.6866
2019-1-15,3704.22,4.1298,-34.9733
2019-1-16,3631.51,-1.9629,-35.754
2019-1-17,3651.87,0.5606,-34.8557
2019-1-18,3677.99,0.7152,-35.2384
2019-1-19,3652.38,-0.6963,-22.4695
2019-1-20,3725.45,2.0006,-12.2782
2019-1-21,3600.37,-3.3574,-18.9058
2019-1-22,3575.08,-0.7024,-14.1682
2019-1-23,3605.56,0.8526,-13.0173
2019-1-24,3584.5,-0.5841,-2.8621
2019-1-25,3607.39,0.6386,-5.6839
2019-1-26,3599.72,-0.2126,0.3081
2019-1-27,3604.69,0.1381,-1.0546
2019-1-28,3584.28,-0.5662,-13.3025
2019-1-29,3468.87,-3.2199,-16.993
2019-1-30,3443.9,-0.7198,-11.543
2019-1-31,3485.41,1.2053,-14.7177
2019-2-1,3460.55,-0.7133,-14.1596
2019-2-2,3484.63,0.6958,-7.1699
2019-2-3,3516.14,0.9043,-8.1337
2019-2-4,3467.21,-1.3916,-4.3516
2019-2-5,3454.95,-0.3536,1.7273
2019-2-6,3469.09,0.4093,4.7182
2019-2-7,3414.93,-1.5612,1.6573
2019-2-8,3401.38,-0.3968,-2.7364
2019-2-9,3671.59,7.9441,8.3776
2019-2-10,3673.2,0.0439,10.597
2019-2-11,3695.61,0.6101,9.2658
2019-2-12,3642.75,-1.4303,12.8853
2019-2-13,3653.6,0.2979,15.2289
2019-2-14,3631.17,-0.6139,14.8533
2019-2-15,3617.37,-0.38,13.9526
2019-2-16,3615.27,-0.0581,4.9296
2019-2-17,3633.36,0.5004,0.8582
2019-2-18,3671.37,1.0461,0.9498
2019-2-19,3911.66,6.545,-2.967
2019-2-20,3946.68,0.8953,3.6283
2019-2-21,4000.26,1.3576,1.8328
2019-2-22,3952.41,-1.1962,1.1504
2019-2-23,3998.92,1.1768,0.3099
2019-2-24,4145.46,3.6645,10.3787
2019-2-25,3807,-8.1646,1.2973
2019-2-26,3878.7,1.8834,8.4097
2019-2-27,3857.48,-0.5471,0.2155
2019-2-28,3848.26,-0.239,2.7765
2019-3-1,3853.76,0.1429,1.7563
2019-3-2,3855.32,0.0405,4.9035
2019-3-3,3862.27,0.1803,2.3478
2019-3-4,3845.09,-0.4448,-0.2229
2019-3-5,3759.83,-2.2174,0.0784
2019-3-6,3897.08,3.6504,3.2087
2019-3-7,3903.38,0.1617,3.7715
2019-3-8,3913.23,0.2523,-2.2858
2019-3-9,3894.55,-0.4774,-1.5343
2019-3-10,3966.17,1.839,0.2282
2019-3-11,3953.74,-0.3134,-0.1561
2019-3-12,3903.76,-1.2641,7.5127
2019-3-13,3913.05,0.238,7.3982
2019-3-14,3905.58,-0.1909,7.9694
2019-3-15,3926.66,0.5397,11.2848
2019-3-16,3963.9,0.9484,8.1034
2019-3-17,4047.72,2.1146,12.1809
2019-3-18,4029.97,-0.4385,11.1818
2019-3-19,4032.69,0.0675,10.5341
2019-3-20,4070.79,0.9448,12.1752
2019-3-21,4083.95,0.3233,10.4979
2019-3-22,4028.51,-1.3575,12.4978
2019-3-23,4022.71,-0.144,13.0562
2019-3-24,4035.16,0.3095,12.5131
2019-3-25,4024.11,-0.2738,12.8234
2019-3-26,3969.23,-1.3638,10.821
2019-3-27,3984.24,0.3782,11.4118
2019-3-28,4087.58,2.5937,13.8674
2019-3-29,4068.3,-0.4717,13.9619
2019-3-30,4092.14,0.586,17.7678
2019-3-31,4105.46,0.3255,18.8131
2019-4-1,4105.36,-0.0024,17.6054
2019-4-2,4156.92,1.2559,19.5746
2019-4-3,4879.96,17.3936,36.2724
2019-4-4,4971.31,1.8719,37.24
2019-4-5,4922.81,-0.9756,37.656
2019-4-6,5036.79,2.3153,40.3249
2019-4-7,5062.79,0.5162,40.4318
2019-4-8,5199.84,2.707,44.7
2019-4-9,5289.92,1.7324,46.8292
2019-4-10,5204.11,-1.6221,37.263
2019-4-11,5325.08,2.3245,39.5436
2019-4-12,5061.2,-4.9554,33.9781
2019-4-13,5088.85,0.5463,35.9547
2019-4-14,5095.76,0.1358,35.7926
2019-4-15,5167.32,1.4043,37.8108
2019-4-16,5066.58,-1.9496,36.2412
2019-4-17,5236.14,3.3466,39.6459
2019-4-18,5251.48,0.293,39.4385
2019-4-19,5298.15,0.8887,39.2811
2019-4-20,5304.16,0.1134,32.8495
2019-4-21,5335.88,0.598,32.5522
2019-4-22,5312.49,-0.4384,30.7562
2019-4-23,5399.37,1.6354,33.5878
2019-4-24,5571.51,3.1881,35.5991
2019-4-25,5466.52,-1.8844,30.0502
2019-4-26,5210.3,-4.6871,33.5277
2019-4-27,5279.47,1.3276,32.9719
2019-4-28,5271.75,-0.1462,33.3728
2019-4-29,5284.86,0.2487,33.8605
2019-4-30,5247.73,-0.7026,33.015
2019-5-1,5350.91,1.9662,34.9407
2019-5-2,5402.42,0.9626,35.723
2019-5-3,5505.55,1.909,38.0768
2019-5-4,5769.2,4.7888,45.083
2019-5-5,5831.07,1.0724,42.505
2019-5-6,5791.69,-0.6753,41.668
2019-5-7,5745.6,-0.7958,40.6199
2019-5-8,5849.48,1.808,42.9053
2019-5-9,5982.32,2.271,43.3373
2019-5-10,6175.82,3.2345,46.8852
2019-5-11,6379.67,3.3008,51.4501
2019-5-12,7203.51,12.9135,64.1256
2019-5-13,6971.18,-3.2252,61.0913
2019-5-14,7807.88,12.0023,72.5539
2019-5-15,7989.37,2.3244,73.9299
2019-5-16,8194.5,2.5675,74.3828
2019-5-17,7886.93,-3.7534,71.0679
2019-5-18,7341.66,-6.9136,64.0868
2019-5-19,7267.96,-1.0039,62.1381
2019-5-20,8196.92,12.7816,74.5964
2019-5-21,7977.97,-2.6711,73.2828
2019-5-22,7956.29,-0.2717,73.1551
2019-5-23,7677.27,-3.5069,69.3387
2019-5-24,7881.7,2.6628,72.2753
2019-5-25,7991.89,1.398,75.0371
2019-5-26,8055.21,0.7923,75.4512
2019-5-27,8674.07,7.6827,80.5402
2019-5-28,8802.76,1.4836,82.4955
2019-5-29,8718.59,-0.9562,80.9533
2019-5-30,8661.76,-0.6518,79.976
2019-5-31,8320.29,-3.9423,76.0361
2019-6-1,8573.84,3.0474,77.8276
2019-6-2,8565.47,-0.0976,60.3364
2019-6-3,8741.75,2.058,60.5225
2019-6-4,8210.99,-6.0716,55.4265
2019-6-5,7704.34,-6.1704,46.9408
2019-6-6,7819.63,1.4964,47.921
2019-6-7,7826.9,0.093,45.307
2019-6-8,8036.77,2.6814,46.256
2019-6-9,7949.67,-1.0838,46.7943
2019-6-10,7692.28,-3.2377,41.2321
2019-6-11,8004.24,4.0555,50.243
2019-6-12,7925.43,-0.9846,48.7121
2019-6-13,8145.55,2.7774,51.3537
2019-6-14,8230.9,1.0478,50.9972
2019-6-15,8689.75,5.5747,58.5215
2019-6-16,8841.44,1.7456,56.9205
2019-6-17,8988.92,1.6681,58.2956
2019-6-18,9335.47,3.8553,61.2622
2019-6-19,9078.73,-2.7502,58.3986
2019-6-20,9273.06,2.1405,59.9411
2019-6-21,9525.07,2.7177,63.0972
2019-6-22,10175.92,6.833,68.2948
2019-6-23,10696.69,5.1177,70.2244
2019-6-24,10853.74,1.4682,73.577
2019-6-25,11007.2,1.4139,79.678
2019-6-26,11778.58,7.008,85.3584
2019-6-27,13017.12,10.5152,96.0198
2019-6-28,11162.17,-14.2501,81.521
2019-6-29,12400.76,11.0963,93.3199
2019-6-30,11931.99,-3.7802,87.5735
2019-7-1,10796.93,-9.5127,77.0982
2019-7-2,10588.68,-1.9288,73.2604
2019-7-3,10818.16,2.1672,70.6388
2019-7-4,11972.72,10.6724,80.2388
2019-7-5,11203.1,-6.4281,74.486
2019-7-6,10982.54,-1.9687,73.3131
2019-7-7,11217.62,2.1405,73.6456
2019-7-8,11446.6,2.0413,73.4159
2019-7-9,12284.33,7.3186,77.5
2019-7-10,12571.54,2.338,76.5372
2019-7-11,12139.71,-3.435,60.1887
2019-7-12,11354.3,-6.4698,56.9441
2019-7-13,11813.13,4.041,48.9828
2019-7-14,11381.02,-3.6579,43.0005
2019-7-15,10257.84,-9.8689,30.5641
2019-7-16,10896.65,6.2275,40.545
2019-7-17,9471.21,-13.0815,34.3771
2019-7-18,9698.5,2.3998,37.7808
2019-7-19,10653.96,9.8516,34.8508
2019-7-20,10525.82,-1.2027,36.3192
2019-7-21,10777.53,2.3914,38.9823
2019-7-22,10596.95,-1.6755,40.8137
2019-7-23,10346.75,-2.3611,35.7898
2019-7-24,9887.73,-4.4364,29.9554
2019-7-25,9809.1,-0.7952,28.3679
2019-7-26,9913.13,1.0605,21.7457
2019-7-27,9871.16,-0.4234,19.8387
2019-7-28,9491.63,-3.8448,16.9501
2019-7-29,9548.18,0.5958,18.1977
2019-7-30,9522.33,-0.2707,21.8693
2019-7-31,9604.05,0.8582,19.6801
2019-8-1,10077.44,4.9291,24.7068
2019-8-2,10402.04,3.2211,25.8699
2019-8-3,10519.28,1.1271,33.0686
2019-8-4,10821.63,2.8742,42.1132
2019-8-5,10960.74,1.2855,41.9023
2019-8-6,11811.55,7.7623,49.5716
2019-8-7,11476.19,-2.8393,44.0509
2019-8-8,11954.04,4.1638,49.2985
2019-8-9,11953.47,-0.0048,52.5314
2019-8-10,11861.56,-0.7689,47.707
2019-8-11,11349.74,-4.3149,44.3767
2019-8-12,11528.19,1.5723,43.1716
2019-8-13,11385.05,-1.2417,40.8821
2019-8-14,10889.49,-4.3527,30.9547
2019-8-15,10038.42,-7.8155,21.3936
2019-8-16,10319.42,2.7992,22.5247
2019-8-17,10358.72,0.3808,19.0502
2019-8-18,10233.01,-1.2136,20.5868
2019-8-19,10350.28,1.146,19.5923
2019-8-20,10916.35,5.4691,22.3437
2019-8-21,10764.57,-1.3904,14.1203
2019-8-22,10142.52,-5.7787,3.2239
2019-8-23,10136.31,-0.0612,1.6945
2019-8-24,10407.64,2.6768,2.9574
2019-8-25,10160.74,-2.3723,-6.4229
2019-8-26,10126.3,-0.339,-17.2771
2019-8-27,10372.83,2.4346,-0.5924
2019-8-28,10203.43,-1.6331,-13.3218
2019-8-29,9756.79,-4.3774,-13.919
2019-8-30,9514.84,-2.4798,-6.8861
2019-8-31,9597.54,0.8692,-4.0881
2019-9-1,9630.59,0.3444,-5.9109
2019-9-2,9757.47,1.3175,-15.2658
2019-9-3,10345.73,6.0288,-2.8089
2019-9-4,10621.18,2.6625,1.8223
2019-9-5,10588.18,-0.3107,-0.6289
2019-9-6,10578.2,-0.0943,-2.7645
2019-9-7,10353.93,-2.1201,-12.2032
2019-9-8,10518.11,1.5857,-12.9555
2019-9-9,10443.23,-0.7119,-10.2324
2019-9-10,10336.41,-1.0229,-4.7855
2019-9-11,10123.03,-2.0644,-10.8909
2019-9-12,10176.82,0.5314,-6.7016
2019-9-13,10415.36,2.344,5.5113
2019-9-14,10345.4,-0.6717,-1.3879
2019-9-15,10356.47,0.107,11.8006
2019-9-16,10347.22,-0.0893,9.3115
2019-9-17,10281.51,-0.635,-1.1751
2019-9-18,10247.8,-0.3279,-0.3003
2019-9-19,10200.5,-0.4616,-3.1533
2019-9-20,10266.32,0.6453,-0.8325
2019-9-21,10183.65,-0.8053,0.7233
2019-9-22,10024.12,-1.5665,3.5932
2019-9-23,10067.96,0.4373,4.8257
2019-9-24,9729.32,-3.3635,0.4017
2019-9-25,8603.43,-11.5721,-10.747
2019-9-26,8487.67,-1.3455,-8.2477
2019-9-27,8113.1,-4.4131,-13.2566
2019-9-28,8251.27,1.703,-11.2829
2019-9-29,8246.04,-0.0634,-12.2045
2019-9-30,8104.23,-1.7197,-18.8533
2019-10-1,8299.72,2.4122,-19.6622
2019-10-2,8344.21,0.536,-20.2533
2019-10-3,8390.77,0.558,-22.5695
2019-10-4,8259.49,-1.5646,-25.4196
2019-10-5,8210.15,-0.5974,-33.7793
2019-10-6,8149.88,-0.7341,-31.6741
2019-10-7,7989.12,-1.9725,-37.8104
2019-10-8,8246.85,3.226,-34.5796
2019-10-9,8229.84,-0.2063,-34.017
2019-10-10,8585.28,4.3189,-25.3832
2019-10-11,8585.26,-0.0002,-26.9557
2019-10-12,8315.66,-3.1403,-28.8543
2019-10-13,8336.9,0.2554,-24.2462
2019-10-14,8320.83,-0.1928,-16.6235
2019-10-15,8373.46,0.6325,-18.7902
2019-10-16,8204.67,-2.0158,-21.1868
2019-10-17,8047.81,-1.9118,-21.885
2019-10-18,8100.93,0.6601,-22.3709
2019-10-19,7973.8,-1.5693,-29.4093
2019-10-20,7997.81,0.3011,-27.7178
2019-10-21,8225.12,2.8422,-19.0969
2019-10-22,8243.4,0.2222,-18.8135
2019-10-23,8076.23,-2.0279,-23.5182
2019-10-24,7509.73,-7.0144,-28.1603
2019-10-25,7490.7,-0.2534,-28.0747
2019-10-26,8667.58,15.7112,-14.7981
2019-10-27,9241.71,6.6239,-6.5411
2019-10-28,9565.1,3.4992,1.3355
2019-10-29,9248.44,-3.3106,0.5047
2019-10-30,9422.46,1.8816,1.5171
2019-10-31,9202.46,-2.3348,-1.1621
2019-11-1,9193.99,-0.092,-2.5716
2019-11-2,9259.78,0.7156,-7.8848
2019-11-3,9324.79,0.7021,-9.8452
2019-11-4,9235.61,-0.9564,-10.4909
2019-11-5,9413,1.9207,-8.4759
2019-11-6,9340.86,-0.7664,-7.1222
2019-11-7,9352.39,0.1234,-8.5845
2019-11-8,9265.37,-0.9305,-8.8031
2019-11-9,8809.47,-4.9205,-12.7007
2019-11-10,8812.49,0.0343,-10.602
2019-11-11,9056.92,2.7737,-8.3597
2019-11-12,8759.75,-3.2811,-13.9848
2019-11-13,8812.03,0.5968,-12.7163
2019-11-14,8811.94,-0.001,-12.8243
2019-11-15,8705.71,-1.2055,-13.9405
2019-11-16,8491.17,-2.4644,-15.7699
2019-11-17,8549.47,0.6866,-14.7554
2019-11-18,8573.98,0.2867,-14.0071
2019-11-19,8305.13,-3.1356,-17.788
2019-11-20,8203.61,-1.2224,-18.2051
2019-11-21,8023.64,-2.1938,-18.8324
2019-11-22,7643.57,-4.7369,-24.0066
2019-11-23,7296.16,-4.5451,-25.1882
2019-11-24,7398.63,1.4044,-12.2117
2019-11-25,7039.98,-4.8475,-15.7137
2019-11-26,7145.16,1.494,-9.8066
2019-11-27,7220.88,1.0597,-10.4499
2019-11-28,7536.82,4.3754,-6.0111
2019-11-29,7466.73,-0.93,-5.2214
2019-11-30,7764.06,3.9821,-3.6515
2019-12-1,7571.62,-2.4786,-6.6661
2019-12-2,7424.04,-1.9491,-9.1732
2019-12-3,7323.98,-1.3478,-8.9564
2019-12-4,7320.13,-0.0526,-8.4116
2019-12-5,7253.24,-0.9138,-8.5913
2019-12-6,7450.56,2.7204,-3.8984
2019-12-7,7547.27,1.298,-5.8264
2019-12-8,7551.34,0.0539,-5.5662
2019-12-9,7561.8,0.1385,-9.7466
2019-12-10,7397.13,-2.1777,-11.9241
2019-12-11,7277.2,-1.6213,-10.4051
2019-12-12,7216.74,-0.8308,-11.4913
2019-12-13,7244.66,0.3869,-10.9116
2019-12-14,7268.9,0.3346,-11.2095
2019-12-15,7124.24,-1.9901,-11.1838
2019-12-16,7153.66,0.413,-8.859
2019-12-17,6931.32,-3.1081,-12.6272
2019-12-18,6647.7,-4.0919,-15.1498
2019-12-19,7277.59,9.4753,-5.9756
2019-12-20,7208.64,-0.9474,-9.7652
2019-12-21,7220.59,0.1658,-9.8216
2019-12-22,7191.19,-0.4072,-8.2009
2019-12-23,7508.9,4.418,3.2315
2019-12-24,7354.39,-2.0577,1.4272
2019-12-25,7325.76,-0.3893,-14.6733
2019-12-26,7274.8,-0.6956,-21.9928
2019-12-27,7238.14,-0.5039,-25.9959
2019-12-28,7289.03,0.7031,-21.9822
2019-12-29,7317.65,0.3926,-23.4712
2019-12-30,7420.27,1.4024,-19.734
2019-12-31,7294.44,-1.6958,-21.3378
2020-1-1,7194.89,-1.3647,-23.4181
2020-1-2,7202.55,0.1065,-24.0137
2020-1-3,6984.43,-3.0284,-26.0857
2020-1-4,7345.38,5.1679,-22.8385
2020-1-5,7410.45,0.8859,-21.1862
2020-1-6,7410.45,0,-21.3096
2020-1-7,7768.68,4.8341,-15.545
2020-1-8,8161.94,5.0621,-5.5624
2020-1-9,8082.3,-0.9757,-6.5724
2020-1-10,7878.31,-2.5239,-11.87
2020-1-11,8162.19,3.6033,-4.9856
2020-1-12,8033.26,-1.5796,-7.162
2020-1-13,8189.77,1.9483,-5.2127
2020-1-14,8140.93,-0.5964,-4.6036
2020-1-15,8825.34,8.407,6.2678
2020-1-16,8812.48,-0.1457,5.4355
2020-1-17,8725.21,-0.9903,4.1585
2020-1-18,8927.21,2.3151,9.6092
2020-1-19,8941.45,0.1595,10.9911
2020-1-20,8704.63,-2.6486,10.5363
2020-1-21,8658.99,-0.5243,14.7489
2020-1-22,8744.21,0.9842,20.2782
2020-1-23,8680.65,-0.7269,18.1469
2020-1-24,8405.57,-3.1689,19.8255
2020-1-25,8440.12,0.411,18.7425
2020-1-26,8364.41,-0.897,16.7858
2020-1-27,8597.31,2.7844,15.1948
2020-1-28,8912.52,3.6664,19.7912
2020-1-29,9357.47,4.9924,20.8015
2020-1-30,9316.02,-0.443,22.8371
2020-1-31,9508.31,2.0641,26.8503
2020-2-1,9346.36,-1.7032,26.4949
2020-2-2,9389.82,0.465,27.0125
2020-2-3,9344.68,-0.4807,27.4456
2020-2-4,9292.84,-0.5548,24.1704
2020-2-5,9183.42,-1.1775,21.6949
2020-2-6,9617.82,4.7303,26.3713
2020-2-7,9726,1.1248,27.3576
2020-2-8,9793.07,0.6896,30.2249
2020-2-9,9863.89,0.7232,32.5694
2020-2-10,10115.56,2.5514,35.9516
2020-2-11,9855.89,-2.567,32.9977
2020-2-12,10202.39,3.5157,36.1788
2020-2-13,10323.96,1.1916,39.3605
2020-2-14,10211.55,-1.0888,37.8587
2020-2-15,10313.86,1.0019,41.9687
2020-2-16,9889.18,-4.1176,41.943
2020-2-17,9936.56,0.4791,32.9468
2020-2-18,9691.23,-2.469,31.4252
2020-2-19,10143.8,4.6699,35.9293
2020-2-20,9629.33,-5.0718,31.2647
2020-2-21,9611.78,-0.1823,26.6644
2020-2-22,9687.71,0.79,29.5121
2020-2-23,9663.32,-0.2518,29.6496
2020-2-24,9921.58,2.6726,33.0178
2020-2-25,9651.31,-2.7241,30.7976
2020-2-26,9338.29,-3.2433,26.8512
2020-2-27,8825.09,-5.4957,20.9629
2020-2-28,8788.73,-0.412,19.1485
2020-2-29,8671.21,-1.3372,19.5071
2020-3-1,8599.76,-0.824,20.0478
2020-3-2,8563.26,-0.4244,19.5169
2020-3-3,8865.39,3.5282,26.0735
2020-3-4,8788.54,-0.8669,20.0387
2020-3-5,8760.29,-0.3214,18.8314
2020-3-6,9078.31,3.6302,22.4616
2020-3-7,9121.6,0.4769,18.1044
2020-3-8,8908.21,-2.3394,10.7029
2020-3-9,8111.15,-8.9475,2.7311
2020-3-10,7922.15,-2.3301,2.9249
2020-3-11,7910.09,-0.1522,-0.8306
2020-3-12,7913.62,0.0446,0.7936
2020-3-13,5017.83,-36.5925,-37.7472
2020-3-14,5573.08,11.0655,-26.0853
2020-3-15,5201.07,-6.6751,-41.1674
2020-3-16,5385.23,3.5408,-37.4809
2020-3-17,5002.58,-7.1055,-43.5961
2020-3-18,5227.11,4.4883,-41.4229
2020-3-19,5245.42,0.3503,-41.2321
2020-3-20,6191.65,18.0392,-20.5443
2020-3-21,6206.52,0.2402,-19.7798
2020-3-22,6185.56,-0.3377,-21.1017
2020-3-23,5831.37,-5.7261,-26.1009
2020-3-24,6436.64,10.3796,-12.5524
2020-3-25,6738.72,4.6931,-8.2703
2020-3-26,6675.17,-0.9431,-8.3164
2020-3-27,6719.39,0.6625,-10.4383
2020-3-28,6467.25,-3.7524,-17.8571
2020-3-29,6245.62,-3.427,-26.2765
2020-3-30,5925.54,-5.1249,-30.9584
2020-3-31,6430.61,8.5236,-24.4989
2020-4-1,6437.32,0.1043,-22.6914
2020-4-2,6606.78,2.6325,-20.5239
2020-4-3,6797.4,2.8852,-17.158
2020-4-4,6738.38,-0.8683,-17.4715
2020-4-5,6862.54,1.8426,-14.4514
2020-4-6,6788.05,-1.0855,-20.2672
2020-4-7,7273.64,7.1536,-14.2384
2020-4-8,7179.28,-1.2973,-16.2253
2020-4-9,7337.97,2.2104,-14.7381
2020-4-10,7303.82,-0.4654,-17.7549
2020-4-11,6867.44,-5.9747,-21.1626
2020-4-12,6858.07,-0.1364,-24.8147
2020-4-13,6965.62,1.5682,-24.4381
2020-4-14,6843.28,-1.7563,-25.1056
2020-4-15,6845.56,0.0333,-26.0742
2020-4-16,6640.45,-2.9962,-24.9528
2020-4-17,7116.55,7.1697,-18.2622
2020-4-18,7092.29,-0.3409,-16.1341
2020-4-19,7260.92,2.3777,-18.4263
2020-4-20,7186.87,-1.0198,-14.3743
2020-4-21,6879.78,-4.2729,-18.4649
2020-4-22,6879.44,-0.0049,-19.2598
2020-4-23,7121.31,3.5158,-15.4922
2020-4-24,7434.18,4.3934,-13.7714
2020-4-25,7550.48,1.5644,-9.4829
2020-4-26,7570.14,0.2604,-5.9792
2020-4-27,7679.42,1.4436,0.9601
2020-4-28,7796.97,1.5307,2.9028
2020-4-29,7806.71,0.1249,4.3649
2020-4-30,8797.67,12.6937,17.8826
2020-5-1,8672.78,-1.4196,16.8874
2020-5-2,8869.06,2.2632,15.6224
2020-5-3,9000.58,1.4829,17.9722
2020-5-4,8764.55,-2.6224,15.6712
